x,y,ndvi,bld_density,dist_water_m,impervious,elevation_m,lst_c
3536.0,10770.6,0.4645,0.3712,2053.9,0.4528,42.2,21.736
6367.0,4325.4,0.6903,0.6222,7862.2,0.6279,35.77,26.196
2298.2,11004.7,0.3781,0.2642,944.4,0.3888,46.26,21.615
814.8,5172.5,0.6628,0.2224,5371.4,0.408,33.88,21.47
9443.8,10702.1,0.6634,0.0901,7946.4,0.3657,52.78,21.368
7876.0,9032.9,0.7841,0.3817,6542.6,0.5537,51.53,22.841
7650.3,11911.9,0.8504,0.0993,6310.2,0.3366,58.38,21.571
6907.2,7953.9,0.7683,0.614,5976.7,0.6421,41.22,26.401
468.8,814.6,0.3055,0.0471,9740.1,0.2167,39.43,24.922
4293.8,3735.9,0.7401,0.5091,7318.3,0.5472,29.35,25.412
11348.2,7135.7,0.5199,0.1274,10407.0,0.4213,58.95,21.277
720.5,11814.4,0.3334,0.1,1528.2,0.3418,42.18,22.234
10368.5,10201.3,0.495,0.0766,8873.5,0.3662,55.52,21.297
10527.5,8864.0,0.4764,0.1342,9174.5,0.4431,57.63,21.397
614.3,1688.2,0.3813,0.0698,8856.2,0.3398,34.94,22.216
7829.0,2883.7,0.5336,0.273,9902.7,0.3888,27.17,22.654
6621.0,11592.7,0.8509,0.1971,5236.3,0.4006,57.35,21.959
7170.2,5910.0,0.7599,0.6819,7295.1,0.6913,40.09,27.808
5802.3,11620.2,0.7671,0.2519,4445.8,0.4157,64.52,21.518
3395.9,4731.8,0.878,0.511,6071.8,0.5725,29.15,24.321
3572.7,8657.6,0.5998,0.5424,2773.2,0.5494,37.86,22.699
6738.1,7954.8,0.7688,0.6299,5823.7,0.6071,42.5,26.543
4752.6,8647.0,0.6746,0.6181,3743.4,0.5727,37.07,25.077
9464.4,7284.0,0.6636,0.3276,8589.2,0.5412,48.59,23.31
5021.8,4178.4,0.753,0.6101,7236.4,0.5778,32.41,25.568
1726.8,7118.9,0.6983,0.38,3388.7,0.4711,24.74,21.631
1810.9,8411.6,0.569,0.3584,2111.5,0.3578,28.02,21.089
662.9,990.8,0.327,0.0566,9546.0,0.3058,34.32,24.568
8616.4,5253.4,0.763,0.4547,8841.4,0.5159,42.61,24.591
3507.8,9112.2,0.552,0.5042,2440.7,0.5911,37.51,22.974
2385.3,5490.2,0.8522,0.4256,5087.4,0.458,26.15,22.283
9976.4,2533.0,0.6637,0.0665,11632.8,0.3246,26.66,21.866
6815.9,976.2,0.2325,0.1029,10906.9,0.2918,27.53,25.76
988.1,8764.9,0.5217,0.2524,1809.0,0.4341,30.55,20.513
6540.0,3784.3,0.6199,0.5347,8396.5,0.5886,32.39,25.06
1907.5,10761.1,0.3833,0.2448,484.0,0.4192,39.11,20.406
8121.1,1397.9,0.3529,0.0556,11255.6,0.2163,18.32,23.159
1421.7,6702.5,0.706,0.3408,3798.3,0.4414,25.6,22.106
5340.0,9510.0,0.7028,0.5255,3965.5,0.6087,42.34,24.193
10655.8,4889.2,0.7987,0.1765,10738.2,0.3527,49.66,22.101
9567.2,1950.6,0.5541,0.0346,11754.7,0.2292,23.36,21.685
815.7,7015.4,0.6305,0.2729,3551.2,0.4185,29.27,20.925
11529.5,6736.5,0.5534,0.1184,10712.3,0.374,59.24,21.62
7910.5,4238.4,0.6926,0.4594,8961.1,0.4982,37.79,24.854
8625.3,7077.9,0.7173,0.4581,7904.5,0.599,47.82,24.241
8922.9,1027.6,0.3731,0.0,12034.3,0.207,23.08,22.887
10652.8,8807.6,0.4609,0.1279,9308.0,0.4794,56.59,22.455
1607.3,2864.4,0.5819,0.1725,7636.3,0.3319,36.37,23.308
9323.7,9562.0,0.6561,0.1822,7879.7,0.391,62.2,22.4
10055.9,903.2,0.437,0.0,12857.0,0.2379,25.36,21.257
9951.7,1615.6,0.5326,0.0013,12262.3,0.1574,20.23,21.189
349.9,7344.1,0.5754,0.2232,3358.9,0.4578,31.16,20.907
4684.5,1333.8,0.3222,0.2305,9703.7,0.3051,28.42,23.176
5247.0,4399.3,0.7631,0.6453,7159.5,0.561,29.34,26.8
6247.6,2800.2,0.4784,0.3954,9045.8,0.4403,24.63,23.356
5914.5,1142.8,0.2473,0.1765,10346.2,0.2569,28.34,25.678
1565.2,8629.1,0.5423,0.3209,1872.0,0.4619,30.51,22.023
11812.6,370.4,0.3978,0.0,14455.4,0.2663,28.02,22.447
788.4,1508.2,0.3765,0.0729,9019.9,0.3282,34.37,22.66
6951.4,9945.2,0.8455,0.3616,5479.6,0.3952,57.62,23.412
6969.3,5478.6,0.7543,0.6863,7424.8,0.6965,34.9,28.68
11452.1,7578.0,0.4584,0.1113,10372.1,0.4146,56.65,21.81
2369.3,4068.5,0.7826,0.3272,6490.0,0.4412,29.35,22.364
999.9,5402.7,0.6928,0.252,5121.8,0.4,25.92,22.216
10606.4,10504.1,0.4565,0.0544,9106.4,0.4018,56.16,21.646
188.4,3394.2,0.4801,0.0962,7225.8,0.2573,29.17,19.773
9547.1,9775.0,0.6271,0.1486,8079.7,0.462,60.89,22.116
9218.3,2900.2,0.6539,0.1479,10831.8,0.3359,30.57,22.2
10464.5,444.6,0.3947,0.0,13471.2,0.1793,23.57,21.787
10993.3,8422.5,0.4356,0.1197,9718.0,0.4689,57.47,22.244
3285.8,7604.5,0.7173,0.5688,3401.9,0.5182,24.86,23.676
2836.6,8584.3,0.5771,0.4705,2335.9,0.5194,32.53,22.579
3726.2,9244.6,0.5555,0.5114,2555.8,0.5237,36.8,22.439
8587.7,9036.1,0.7301,0.3017,7237.3,0.5245,51.07,22.186
992.8,6881.5,0.6541,0.2921,3653.9,0.3522,22.44,22.051
8105.8,8316.2,0.7429,0.4343,6957.5,0.5558,50.33,24.053
10302.3,7703.2,0.5641,0.2081,9235.9,0.5155,54.82,22.449
8314.8,9157.1,0.7603,0.3186,6945.8,0.4582,52.05,22.096
9421.0,1726.6,0.5101,0.0219,11820.1,0.1724,21.31,20.791
4239.4,7893.9,0.7126,0.6506,3781.0,0.6027,29.82,25.11
2642.3,3856.4,0.775,0.343,6741.1,0.4082,35.15,22.948
2944.5,2572.7,0.593,0.2691,8057.9,0.4501,36.25,22.584
8729.0,4869.4,0.7635,0.4124,9163.0,0.4987,38.98,24.171
769.5,8654.5,0.5257,0.2344,1984.8,0.407,32.99,19.851
5444.8,9096.3,0.7151,0.5716,4187.1,0.5423,43.17,24.087
5852.1,1264.3,0.2627,0.1938,10209.8,0.2937,30.7,25.424
7690.5,4247.9,0.6842,0.4879,8798.4,0.454,34.87,25.121
1274.0,5153.7,0.7269,0.2695,5351.1,0.393,33.33,21.786
6883.3,9606.2,0.827,0.4122,5457.0,0.5207,53.01,22.588
11524.1,6515.2,0.5826,0.1204,10787.1,0.4516,57.81,22.098
6188.2,2524.9,0.4359,0.3545,9251.0,0.3861,25.49,23.419
6837.9,5018.9,0.7357,0.6653,7650.8,0.6566,30.12,27.183
11856.1,4158.1,0.7533,0.0683,12143.6,0.3809,47.3,20.883
9994.5,6157.9,0.7235,0.2802,9539.9,0.4725,50.69,22.314
5977.7,1621.9,0.3057,0.2327,9943.3,0.3347,30.76,23.999
961.8,7752.4,0.5958,0.2817,2799.8,0.4148,26.23,20.674
10452.6,9262.8,0.4797,0.1193,9037.7,0.4226,59.3,21.132
8557.0,5853.7,0.7552,0.4873,8449.3,0.5738,42.95,25.24
8785.3,4414.9,0.752,0.3645,9492.4,0.4962,31.15,23.366
9883.4,11913.9,0.5721,0.0201,8501.8,0.3302,53.67,21.769
8939.8,11931.1,0.7242,0.041,7576.1,0.2714,52.18,20.576
4956.8,6884.5,0.8115,0.7476,5002.1,0.662,37.27,28.308
6176.5,8870.4,0.7673,0.566,4952.3,0.5485,45.93,25.252
10158.5,6972.7,0.6391,0.2491,9349.4,0.497,54.59,23.036
10306.3,8992.9,0.5049,0.1438,8934.4,0.3959,54.57,21.373
3726.0,2215.8,0.5131,0.2953,8578.1,0.3824,29.68,22.532
1432.6,1988.8,0.4638,0.1207,8511.5,0.4248,38.41,21.448
6251.5,5503.9,0.7801,0.7403,6894.8,0.7241,29.09,28.459
5387.4,2503.1,0.4634,0.3795,8891.7,0.4865,25.47,22.461
10767.4,4698.6,0.8034,0.1588,10933.5,0.4454,43.41,22.353
5917.2,4059.6,0.6789,0.6043,7809.6,0.6379,28.79,26.033
6053.7,2084.3,0.3704,0.2941,9568.7,0.3806,23.79,23.924
4381.5,4408.8,0.822,0.5923,6738.4,0.5523,26.7,25.695
9396.1,9280.1,0.6387,0.1989,7989.8,0.3985,52.53,21.128
11375.1,9368.6,0.3461,0.0661,9939.7,0.367,53.81,24.702
1560.2,8608.4,0.5441,0.3212,1892.6,0.4075,32.66,20.614
7933.4,2811.3,0.5312,0.2517,10025.2,0.3086,25.77,22.527
1964.8,10889.8,0.3772,0.2423,606.6,0.4743,46.04,20.873
3707.3,9633.2,0.5277,0.4785,2371.4,0.5334,40.19,22.933
11599.6,2777.9,0.7056,0.0312,12713.4,0.2224,35.07,21.626
5794.3,4995.8,0.7795,0.715,6981.2,0.61,31.32,27.917
6489.0,10790.6,0.8476,0.2962,4997.4,0.4125,55.79,22.249
8534.1,6536.4,0.7364,0.4908,8073.9,0.5068,49.51,24.985
8249.2,2789.2,0.5535,0.2179,10247.3,0.3171,25.22,22.016
443.6,10232.4,0.4275,0.1416,1089.7,0.3114,32.12,20.326
10658.0,1411.3,0.535,0.0,12902.5,0.2107,24.76,21.388
2263.0,3449.6,0.7037,0.2696,7091.6,0.3819,29.43,22.185
9384.3,11041.2,0.6754,0.0721,7902.9,0.3535,56.78,20.72
7727.1,8434.3,0.7649,0.4688,6560.8,0.5587,48.61,23.613
5824.8,975.7,0.2308,0.1623,10460.2,0.3025,28.53,25.346
11148.5,1451.4,0.548,0.0,13227.7,0.2279,24.3,21.029
3238.6,4139.7,0.8239,0.4396,6593.6,0.4888,34.31,24.363
9770.1,11955.2,0.59,0.0207,8397.2,0.3797,47.06,21.466
8340.5,6392.1,0.7435,0.5229,7979.2,0.6559,43.93,24.831
2826.4,10872.8,0.4055,0.3167,1377.8,0.4815,51.25,22.004
11439.6,5705.1,0.6891,0.1257,11035.7,0.3895,53.44,21.9
7025.2,2930.1,0.5006,0.3583,9371.8,0.4176,33.0,22.188
6996.8,3758.3,0.6147,0.4936,8698.6,0.4492,25.42,25.658
1886.5,7168.0,0.7047,0.3999,3354.3,0.4968,23.37,23.395
5102.9,5975.3,0.8473,0.7571,5783.9,0.5491,27.11,27.723
2820.3,9269.6,0.5046,0.4279,1804.7,0.5566,33.78,21.672
7206.1,11253.1,0.8813,0.1867,5755.6,0.3777,56.84,21.255
4327.3,437.4,0.2393,0.1448,10452.3,0.2707,38.09,25.539
2026.5,9793.1,0.4444,0.3128,881.4,0.483,36.4,21.151
4167.0,8531.7,0.6454,0.5994,3314.6,0.578,28.2,24.278
2574.2,3458.2,0.721,0.3036,7123.2,0.3871,35.73,22.497
9534.3,3761.2,0.7621,0.2121,10486.3,0.3885,31.05,21.301
9500.5,6889.8,0.6861,0.3374,8777.4,0.4938,53.04,22.903
1974.5,6032.8,0.7992,0.395,4492.3,0.45,20.27,23.397
9004.4,11032.6,0.7373,0.0895,7523.2,0.3598,55.71,21.602
670.8,3528.6,0.5508,0.1319,7020.6,0.3828,35.3,20.971
2789.6,9096.5,0.52,0.4355,1906.0,0.433,30.58,22.163
7801.2,11912.7,0.8433,0.0907,6457.6,0.33,63.18,21.405
8618.9,7389.5,0.7101,0.4417,7768.8,0.605,53.03,24.091
5760.6,7075.2,0.7876,0.7545,5466.4,0.7236,30.56,29.401
4051.4,10254.4,0.5353,0.4406,2563.2,0.5475,44.91,22.486
4676.5,7602.5,0.753,0.6986,4299.5,0.6379,33.84,26.632
10305.6,6724.5,0.6533,0.2368,9580.8,0.4618,54.56,21.626
6136.6,9273.8,0.7737,0.5173,4796.0,0.4488,50.49,23.663
10496.3,10421.0,0.4748,0.0616,8996.6,0.3776,57.59,20.739
11357.3,5372.8,0.7291,0.1279,11111.0,0.4075,54.81,22.577
11228.8,6710.2,0.5839,0.1429,10440.9,0.4262,58.28,22.476
5916.5,3752.8,0.6372,0.5603,8064.1,0.6114,29.12,25.873
7206.2,7957.7,0.7653,0.582,6246.9,0.6049,36.92,25.693
2486.0,9317.7,0.4904,0.3896,1539.5,0.4334,35.45,22.033
11474.3,578.3,0.4273,0.0,14068.6,0.281,24.59,21.244
11841.7,4327.4,0.752,0.0735,12043.7,0.2768,46.24,20.452
9952.5,7353.6,0.6225,0.2618,9019.2,0.526,57.47,22.829
6454.7,6183.7,0.783,0.7497,6571.1,0.6336,32.42,27.614
1002.5,4927.0,0.6829,0.229,5595.1,0.379,29.11,21.35
3766.6,9722.0,0.5277,0.4749,2396.4,0.5065,43.59,21.932
1273.4,64.7,0.2768,0.0547,10437.8,0.2766,42.4,25.249
2458.9,5404.2,0.8586,0.4309,5185.2,0.4421,20.99,23.582
3906.2,2308.4,0.5201,0.3157,8537.7,0.3307,34.56,22.165
6019.3,3180.0,0.5455,0.468,8602.7,0.4981,30.82,23.97
10539.8,4267.5,0.8131,0.1578,10980.1,0.3509,38.38,21.405
3132.1,1549.8,0.4296,0.2017,9097.8,0.3955,33.7,21.798
6361.6,2266.1,0.3936,0.3033,9562.1,0.4641,30.06,24.254
10126.4,6527.6,0.6835,0.2614,9497.1,0.4977,55.65,22.118
1638.8,3160.9,0.6205,0.191,7340.4,0.2706,26.52,21.914
4802.7,7829.3,0.7365,0.6898,4247.4,0.6214,38.74,26.215
6821.8,11851.1,0.8511,0.1579,5490.7,0.4125,58.85,21.492
2232.5,10593.1,0.3962,0.2852,738.4,0.48,40.55,21.225
164.6,8692.2,0.5084,0.1762,2247.5,0.3934,30.92,20.8
7113.5,10475.3,0.871,0.2805,5613.5,0.431,54.26,22.746
188.6,5904.7,0.5829,0.1907,4778.8,0.3359,34.97,20.809
7031.9,8364.0,0.7764,0.556,5930.0,0.59,44.34,24.906
4904.0,7943.4,0.7307,0.6851,4257.1,0.6338,28.4,26.925
2743.5,11798.4,0.3696,0.2388,1797.8,0.4363,52.92,22.353
2278.6,2019.0,0.5018,0.1782,8516.6,0.4077,30.88,22.455
10959.6,8422.6,0.4397,0.1221,9685.1,0.4046,62.59,22.284
7082.6,8735.8,0.7893,0.5056,5854.8,0.5474,48.83,24.691
2054.3,8140.8,0.6057,0.3982,2423.4,0.4238,28.67,21.425
8573.7,5782.9,0.7568,0.4831,8502.3,0.616,41.92,25.208
2861.4,960.4,0.3582,0.1482,9636.3,0.3406,42.34,23.402
11061.7,7170.9,0.5428,0.1505,10124.6,0.4454,51.48,21.862
8655.3,5383.0,0.7636,0.4558,8796.7,0.6051,35.96,24.543
8123.1,3151.1,0.5907,0.2829,9893.0,0.439,27.05,22.625
11841.7,7412.5,0.4385,0.0888,10792.8,0.4296,58.87,21.526
6476.9,10512.1,0.841,0.3312,4977.0,0.4601,56.52,22.8
5967.7,5167.0,0.7798,0.727,6957.1,0.5387,24.62,28.407
10777.5,2755.5,0.7193,0.0519,12085.1,0.2604,27.92,20.731
11538.3,8136.1,0.3946,0.0929,10312.9,0.3644,58.92,22.949
26.5,8500.6,0.5118,0.1702,2483.7,0.3344,28.14,20.357
9973.2,2400.0,0.6459,0.0559,11722.0,0.3245,30.07,20.864
6687.1,1668.8,0.3108,0.1934,10241.9,0.296,24.8,24.78
11220.2,7422.6,0.4988,0.132,10195.7,0.4542,55.75,21.725
8621.3,8278.0,0.7066,0.3719,7459.9,0.578,51.75,23.882
11497.0,5846.7,0.6684,0.1223,11027.0,0.4482,52.19,21.734
9109.8,5959.5,0.7528,0.4044,8861.5,0.5231,45.84,24.156
3166.7,7972.5,0.6651,0.5396,3027.6,0.5178,24.99,23.752
1629.0,2424.9,0.5287,0.1524,8076.1,0.3131,31.52,21.05
10819.1,7988.6,0.4866,0.1486,9651.5,0.4409,61.8,21.09
6192.9,1570.1,0.2957,0.2137,10087.9,0.311,25.9,25.499
10193.2,1853.8,0.5812,0.0115,12260.9,0.2238,19.78,20.407
663.6,1921.1,0.4053,0.0776,8619.6,0.3031,39.65,23.535
5159.4,190.0,0.1817,0.1139,10940.2,0.2521,26.03,26.678
2466.8,8495.6,0.5763,0.4324,2225.4,0.5364,29.2,21.541
10447.1,55.8,0.3474,0.0,13752.5,0.1999,21.94,23.948
8328.4,3787.6,0.6775,0.3494,9575.1,0.4549,23.76,23.546
749.2,4534.9,0.6297,0.1852,6012.1,0.3625,32.42,21.432
7377.2,605.9,0.2188,0.0349,11508.0,0.2439,22.99,25.646
10071.4,491.9,0.3838,0.0,13176.9,0.2777,20.08,22.341
405.4,6078.4,0.6113,0.216,4555.1,0.3903,23.01,20.623
7351.4,4393.1,0.6876,0.5459,8457.7,0.6063,33.84,25.247
11109.8,4689.7,0.7906,0.1303,11229.8,0.3497,41.5,22.129
1817.5,3071.4,0.6242,0.2017,7435.4,0.3681,31.71,20.858
8735.2,7421.2,0.7032,0.4229,7863.0,0.5974,55.59,24.777
1809.8,7838.7,0.6302,0.3784,2679.3,0.4239,29.49,21.857
10079.4,3856.1,0.7944,0.17,10851.2,0.2738,35.25,20.776
2191.4,4563.7,0.8094,0.3416,5976.4,0.3467,25.48,22.983
4693.2,6358.3,0.8508,0.7375,5229.8,0.6395,29.58,27.806
4322.4,4712.1,0.8532,0.6168,6439.4,0.5568,34.12,26.983
4775.3,4455.6,0.8023,0.6283,6874.8,0.6119,27.07,26.449
11882.6,9416.2,0.284,0.0459,10439.0,0.3735,53.37,24.248
2384.9,4852.8,0.8414,0.3862,5716.1,0.3627,26.85,22.627
4431.0,8722.7,0.6468,0.5986,3427.8,0.57,31.07,24.819
9232.7,9876.8,0.679,0.1635,7757.8,0.3657,57.85,20.797
5345.6,9068.6,0.7067,0.577,4103.4,0.6025,44.2,25.116
6675.2,10556.3,0.856,0.3091,5175.5,0.4332,57.17,22.255
9165.6,3962.4,0.7515,0.2715,10074.8,0.4083,34.47,22.939
11997.4,9085.5,0.2841,0.0491,10592.3,0.365,57.66,24.383
9815.1,8011.3,0.5962,0.2461,8679.6,0.4958,57.51,23.293
5267.5,8461.3,0.7174,0.6441,4283.7,0.6971,42.61,26.148
4103.7,3258.4,0.6743,0.4373,7695.5,0.5033,26.21,23.426
4032.1,6188.5,0.8755,0.6721,5000.1,0.6255,28.12,26.565
10553.6,8388.7,0.4919,0.1546,9296.5,0.4412,64.43,22.437
9018.7,7164.4,0.6961,0.3958,8225.4,0.5212,51.43,23.957
925.4,9238.8,0.4871,0.2261,1385.9,0.3398,31.28,20.438
6314.9,549.6,0.1865,0.0947,11054.1,0.2323,28.86,27.115
8076.8,9800.2,0.8116,0.2707,6613.9,0.4267,57.68,21.438
5851.5,7828.2,0.7612,0.6975,5106.3,0.6099,38.01,27.209
6287.6,6135.4,0.7893,0.759,6478.4,0.6414,30.99,28.681
10306.4,6526.0,0.6736,0.2394,9661.5,0.4888,56.0,22.479
4027.8,9555.8,0.5603,0.504,2698.4,0.3936,34.97,22.759
1621.9,3606.4,0.6691,0.2151,6894.7,0.3401,33.26,21.618
7316.4,4938.5,0.7264,0.609,8047.4,0.6029,34.95,27.178
7922.6,1916.2,0.4055,0.1275,10720.7,0.2212,18.56,23.304
11724.4,5032.4,0.728,0.0959,11594.5,0.3849,54.9,21.046
9866.7,1913.8,0.5706,0.0225,11988.5,0.2298,23.49,21.091
9343.9,10391.1,0.675,0.1165,7844.6,0.3044,59.73,21.031
11314.2,3434.4,0.7699,0.0668,12093.0,0.3203,37.77,21.403
4784.6,1492.6,0.3385,0.2485,9587.6,0.3672,33.11,23.652
3626.9,1114.5,0.3505,0.1891,9623.5,0.2997,33.86,23.42
8319.8,3696.2,0.6679,0.3383,9633.4,0.4933,35.7,23.142
6712.8,5652.0,0.7664,0.7181,7118.7,0.6584,38.03,27.502
6190.2,11955.6,0.7983,0.1917,4910.9,0.324,60.61,20.847
2672.4,7760.8,0.6748,0.4881,2979.5,0.5592,28.87,23.01
7798.3,6828.7,0.7469,0.5911,7290.2,0.6432,44.38,26.014
8128.5,5389.6,0.7522,0.5345,8369.8,0.6137,30.98,25.701
4636.2,884.0,0.2691,0.184,10114.5,0.3352,30.47,25.117
3136.9,1754.4,0.4599,0.2177,8897.5,0.4029,35.49,22.549
11985.1,8453.9,0.3227,0.0626,10682.9,0.3902,56.04,23.784
3173.0,9267.9,0.5197,0.463,2077.7,0.4648,40.25,21.288
1977.0,4466.1,0.7825,0.3088,6052.8,0.4549,29.56,21.555
9398.4,6579.0,0.7114,0.3594,8818.1,0.5381,46.97,23.82
5762.8,1545.8,0.3008,0.2331,9917.2,0.2843,27.03,24.916
11439.8,2079.3,0.631,0.0085,13027.2,0.2968,31.45,21.559
4354.1,9539.3,0.5934,0.5193,3011.4,0.5772,43.33,23.333
7236.4,3415.1,0.5751,0.4169,9116.0,0.4839,26.24,24.418
114.1,9427.4,0.4723,0.1464,1752.4,0.348,29.22,20.324
9218.2,6302.7,0.7336,0.3892,8785.6,0.4891,50.88,22.908
11590.6,773.0,0.4516,0.0,14015.6,0.2185,29.58,21.62
8229.6,6490.9,0.743,0.5382,7833.3,0.6662,47.5,25.79
10047.8,2046.6,0.601,0.0271,12021.9,0.2576,20.45,20.987
1236.3,6181.9,0.713,0.3081,4326.2,0.4748,28.87,21.901
9459.1,5963.3,0.7502,0.3528,9161.3,0.58,49.62,23.676
5167.2,6099.3,0.8418,0.7628,5728.4,0.6625,32.63,28.443
2103.1,3048.7,0.6407,0.2265,7475.7,0.4122,34.77,21.245
10804.5,2886.3,0.7336,0.0586,12022.6,0.2395,31.27,21.565
7956.2,5771.7,0.7527,0.5756,8002.5,0.6396,37.67,25.847
2588.8,8236.6,0.6112,0.4591,2511.6,0.4581,28.5,22.388
3207.0,1058.7,0.3604,0.1692,9594.4,0.3548,36.61,24.195
1863.5,7487.4,0.6704,0.393,3034.5,0.4479,29.5,21.78
7837.0,3013.7,0.5519,0.2921,9808.3,0.3,28.1,22.387
8512.2,8750.5,0.7269,0.3395,7227.2,0.5199,52.82,22.68
744.6,9850.9,0.4476,0.1824,995.9,0.3457,32.73,19.506
11712.4,3529.7,0.7531,0.055,12364.4,0.3021,38.67,21.011
3621.0,8890.1,0.579,0.5302,2662.8,0.5713,32.92,22.692
7882.6,6349.0,0.7501,0.5917,7613.7,0.6215,38.5,26.831
9545.3,10430.7,0.6419,0.1027,8045.6,0.3529,58.78,20.568
10501.1,8102.9,0.5147,0.1718,9314.8,0.4187,61.12,22.072
8471.5,6244.4,0.7458,0.5039,8167.7,0.6281,38.91,24.234
7959.5,11261.3,0.8572,0.1316,6504.2,0.3772,61.69,21.758
5749.0,2218.3,0.4001,0.328,9308.1,0.365,27.84,24.076
4307.7,7155.7,0.7921,0.6932,4366.7,0.6043,33.22,26.076
11452.4,2980.3,0.7308,0.0426,12473.9,0.2167,30.43,20.648
7310.0,589.9,0.2142,0.0378,11487.7,0.2361,25.62,26.229
10283.7,8878.2,0.5103,0.1518,8932.2,0.382,59.22,21.797
10565.1,9610.6,0.46,0.0955,9108.7,0.3114,57.02,20.806
2150.5,11305.1,0.3616,0.2321,1035.0,0.3757,40.83,21.819
2602.2,11370.8,0.3756,0.2624,1404.6,0.3532,44.05,21.95
424.4,6223.6,0.6123,0.2215,4409.6,0.3786,30.43,21.702
1805.9,8111.9,0.6007,0.3693,2407.6,0.4623,22.87,21.061
1384.6,8892.7,0.5162,0.2893,1611.5,0.5169,32.91,20.496
10844.2,496.7,0.412,0.0,13688.7,0.2124,21.6,22.161
11761.5,3111.6,0.7251,0.0391,12644.6,0.247,31.71,21.746
6118.9,2324.7,0.4059,0.327,9389.9,0.3564,26.25,24.126
5357.1,4211.8,0.7334,0.6254,7376.9,0.5758,29.17,26.647
8216.4,10632.2,0.8324,0.1709,6717.7,0.304,51.97,21.704
1488.7,2601.4,0.5407,0.1505,7898.6,0.3151,39.94,21.735
8386.3,6162.6,0.7483,0.5171,8138.4,0.5992,43.94,24.638
5272.8,2870.6,0.5325,0.4346,8511.3,0.4832,38.86,23.265
7869.4,2488.1,0.4814,0.21,10235.3,0.3061,19.88,22.563
9563.4,4918.6,0.7946,0.3014,9806.6,0.4572,38.67,23.027
6580.7,1953.2,0.3482,0.241,9942.9,0.252,24.46,24.304
3663.0,11404.7,0.4627,0.3181,2344.6,0.4107,49.68,20.893
3950.5,4669.1,0.8655,0.5735,6324.9,0.5667,31.22,25.221
2524.8,4131.9,0.799,0.3508,6450.0,0.4205,33.19,22.358
9449.5,3289.6,0.7161,0.1719,10732.4,0.4033,25.78,22.716
4850.2,7224.8,0.787,0.7289,4685.1,0.6547,27.65,27.017
8518.4,141.5,0.2481,0.0,12512.3,0.2002,22.69,25.499
3451.4,6290.4,0.8671,0.6027,4639.9,0.5525,24.68,24.697
3433.5,878.9,0.3296,0.1644,9813.4,0.3131,36.54,24.082
3999.8,11916.1,0.4926,0.2749,2873.0,0.3986,57.99,21.098
6065.1,6420.0,0.7964,0.7681,6122.6,0.7406,37.64,29.293
11061.8,8517.2,0.4215,0.1116,9765.3,0.4189,52.19,21.297
8660.5,585.9,0.3009,0.0,12229.6,0.3378,21.28,24.492
3203.5,1365.8,0.4013,0.1915,9291.7,0.3388,32.51,23.147
449.3,566.2,0.2883,0.0424,9989.2,0.3509,37.72,24.491
5307.3,9397.5,0.6997,0.5395,3963.7,0.5138,42.19,23.346
3477.1,7686.0,0.7129,0.5878,3439.1,0.5221,24.14,23.769
9262.5,9738.9,0.6703,0.1725,7799.7,0.4095,47.07,21.653
4807.2,7505.8,0.7635,0.7116,4461.2,0.5941,34.98,26.575
2234.7,8644.6,0.5535,0.3978,1995.6,0.4624,24.53,21.586
10659.8,6015.3,0.7078,0.2005,10198.8,0.3779,51.16,22.05
9712.1,5835.6,0.7555,0.3154,9444.3,0.5575,45.04,23.51
4105.8,1905.1,0.4417,0.2819,8981.2,0.3832,37.68,23.326
3452.3,3218.4,0.693,0.3749,7538.8,0.5392,30.39,22.781
7438.7,7606.0,0.7556,0.5881,6606.3,0.5949,48.79,26.193
9254.6,6396.8,0.7272,0.3831,8773.3,0.5564,48.77,23.707
8425.3,4850.7,0.7501,0.4541,8937.3,0.513,37.76,24.603
10549.9,10121.3,0.4636,0.0726,9057.8,0.3479,53.72,21.907
7053.6,858.6,0.2283,0.0757,11126.5,0.2316,24.21,25.569
3389.2,7675.9,0.7114,0.5782,3397.7,0.5235,28.63,24.214
7252.8,7071.5,0.7586,0.6496,6696.9,0.6828,47.59,27.164
7732.1,6417.6,0.7518,0.6121,7450.2,0.6425,41.15,26.85
884.9,6867.5,0.6444,0.2799,3684.2,0.4099,28.33,21.529
1176.4,4988.0,0.7093,0.2502,5521.5,0.4644,26.29,22.12
4950.0,294.5,0.1977,0.1271,10772.9,0.3625,29.98,27.215
4053.6,3485.8,0.7143,0.4596,7464.6,0.5267,33.23,23.548
4136.2,8958.1,0.6077,0.5623,3054.0,0.5973,34.33,23.485
5918.6,1822.1,0.3349,0.2631,9738.1,0.3578,23.72,25.087
3795.5,2982.0,0.6422,0.3812,7860.6,0.431,36.62,22.201
2368.2,1127.8,0.3847,0.1348,9412.4,0.3587,33.53,22.042
5260.9,6120.8,0.8369,0.7668,5772.5,0.6475,26.61,28.819
2277.8,9782.0,0.4479,0.3397,1058.5,0.4762,34.15,20.786
8234.8,4836.9,0.7421,0.4798,8799.4,0.5815,41.31,24.722
4753.3,343.5,0.2104,0.1344,10664.8,0.2811,30.57,25.635
4387.7,3806.3,0.7449,0.5249,7290.0,0.5966,28.63,25.618
7143.3,7449.2,0.7611,0.6359,6415.2,0.6673,43.3,26.267
1689.5,9199.2,0.4915,0.3082,1314.5,0.4445,33.65,20.982
7788.9,8333.5,0.759,0.4724,6651.6,0.5973,49.56,24.773
1403.6,8435.9,0.5569,0.3105,2066.4,0.3287,29.81,21.805
9758.5,6837.8,0.6761,0.3035,9034.1,0.5128,51.56,22.357
5685.2,8266.4,0.7447,0.6589,4743.9,0.6151,40.22,26.547
889.4,7872.9,0.5834,0.2711,2697.1,0.4279,29.21,21.01
5227.4,3633.4,0.6614,0.5451,7813.1,0.5109,28.79,24.637
5949.8,5917.1,0.8036,0.7674,6387.8,0.6584,34.99,28.819
5112.4,404.5,0.1999,0.1327,10722.4,0.3362,35.13,28.204
1209.2,2450.1,0.5013,0.1247,8055.1,0.2947,37.38,21.48
11245.6,3803.2,0.7891,0.0863,11824.7,0.3558,40.19,21.061
5435.0,3040.0,0.5514,0.4597,8434.2,0.4712,29.15,24.982
10977.4,9602.8,0.3969,0.0756,9519.7,0.4209,59.73,22.593
11799.9,6662.1,0.5375,0.0998,10991.7,0.4209,53.88,22.151
5015.1,6588.6,0.8285,0.7568,5258.8,0.6391,25.31,28.008
11410.9,904.6,0.4708,0.0,13794.8,0.2301,19.33,20.111
4737.1,1274.3,0.3113,0.224,9777.2,0.3481,30.41,24.769
4832.9,9661.3,0.6432,0.5149,3436.8,0.5187,44.36,23.749
1140.1,1812.8,0.4271,0.098,8694.6,0.3306,32.03,22.215
9869.6,3853.8,0.7859,0.1886,10687.4,0.3725,26.27,22.109
3612.0,6397.6,0.8609,0.6251,4614.1,0.576,26.51,26.248
7196.4,9525.9,0.8281,0.3924,5779.1,0.5235,54.34,23.869
7152.2,7448.1,0.7609,0.635,6423.5,0.6413,42.52,26.682
5802.6,5899.5,0.811,0.7692,6299.0,0.6829,29.5,29.219
334.2,10487.7,0.4136,0.1237,1165.8,0.3328,39.78,19.856
3555.2,2059.4,0.4944,0.2696,8687.2,0.3762,37.48,21.94
10897.1,3151.6,0.7589,0.0703,11929.1,0.258,29.0,21.178
6467.3,6823.1,0.7783,0.7367,6180.1,0.6268,40.02,28.08
1752.6,250.3,0.2955,0.0739,10252.8,0.3598,40.94,25.341
1819.2,5080.2,0.7937,0.3289,5429.2,0.5052,29.46,22.331
4863.7,2278.6,0.4569,0.3476,8882.9,0.4667,33.45,23.243
1581.3,3751.8,0.6797,0.2199,6748.7,0.4204,30.42,21.334
9684.7,5134.5,0.7919,0.297,9786.6,0.4641,47.43,22.194
5263.7,10327.2,0.697,0.4309,3767.7,0.5283,51.6,22.172
2423.5,10308.6,0.416,0.3215,943.1,0.4392,40.7,20.874
2507.8,10058.7,0.4335,0.3458,1100.2,0.4684,38.35,20.27
384.1,6114.2,0.6083,0.2149,4525.5,0.3568,30.41,21.175
8418.3,9823.3,0.7824,0.2362,6951.3,0.4711,56.34,21.637
8433.2,10390.5,0.8035,0.1778,6934.0,0.3874,50.68,21.741
9270.6,11918.4,0.6744,0.0323,7899.0,0.3141,57.1,20.48
11352.5,3439.4,0.7686,0.0655,12121.2,0.3209,33.62,20.939
5856.0,8518.0,0.7485,0.6255,4785.7,0.5275,40.66,24.881
11415.3,624.4,0.4336,0.0,13994.3,0.2063,23.06,21.387
2656.7,9212.3,0.5047,0.4142,1730.9,0.4582,34.76,21.53
10772.7,3259.7,0.7683,0.0822,11764.6,0.3499,37.49,21.933
962.5,8351.6,0.552,0.2651,2214.6,0.3654,28.98,21.17
27.2,6490.9,0.5617,0.1888,4271.0,0.2961,31.12,22.334
1046.5,5670.1,0.6996,0.2686,4851.2,0.3263,33.08,22.296
6375.2,5349.9,0.7685,0.7246,7091.7,0.6984,29.58,28.54
3745.2,2204.2,0.5103,0.2953,8594.2,0.4151,33.5,22.835
9234.2,31.8,0.2846,0.0,13015.4,0.2187,22.82,24.777
5025.6,3990.8,0.7281,0.5868,7402.7,0.5488,33.69,24.686
6636.8,3428.0,0.5693,0.4719,8740.7,0.4999,30.1,24.789
5382.8,10342.7,0.7135,0.4243,3886.0,0.5098,48.96,22.305
469.9,730.4,0.2999,0.0457,9823.8,0.2029,37.41,24.972
3128.3,9208.9,0.5228,0.4627,2078.1,0.5056,45.68,22.375
611.5,9358.3,0.4789,0.1913,1446.7,0.378,33.3,20.225
1233.2,451.1,0.3044,0.0632,10052.5,0.3038,36.28,24.719
10021.3,6744.0,0.6691,0.2713,9312.3,0.4349,51.93,22.048
9356.7,2099.0,0.5581,0.056,11502.3,0.2862,21.73,21.078
9064.2,2229.0,0.5507,0.0843,11208.3,0.2981,12.09,22.035
10220.1,11245.9,0.5259,0.0363,8751.9,0.273,56.64,21.375
3294.9,1201.3,0.3758,0.1833,9470.3,0.3642,33.23,21.36
4433.7,8285.5,0.6824,0.6356,3675.7,0.5829,40.9,24.723
10907.9,2349.7,0.6712,0.0264,12447.3,0.1972,30.79,19.844
104.6,6710.6,0.5681,0.1986,4038.2,0.3853,27.38,21.005
3687.6,7415.1,0.7531,0.6219,3781.8,0.516,29.14,25.823
3306.6,6078.4,0.8786,0.5781,4776.4,0.5547,29.71,25.222
7246.2,9018.4,0.8016,0.4528,5934.2,0.5353,53.1,23.749
9778.2,5022.7,0.7968,0.2796,9926.2,0.4175,41.16,21.788
2880.4,2076.4,0.5141,0.2253,8536.0,0.3841,36.27,21.968
11398.6,1526.0,0.5569,0.0,13361.0,0.2885,27.08,21.554
3984.3,4540.5,0.8535,0.5654,6456.5,0.5413,28.39,25.918
5947.8,3976.2,0.6665,0.5919,7895.7,0.5639,31.02,26.036
953.1,11009.3,0.3753,0.1493,747.3,0.3166,42.12,20.071
3828.1,1088.5,0.3373,0.1931,9695.2,0.3404,34.61,24.301
4346.6,10833.5,0.5623,0.3889,2866.1,0.4946,48.69,21.878
8236.4,9097.9,0.7639,0.3338,6880.8,0.4438,57.21,23.537
3752.6,2149.1,0.5006,0.2902,8649.3,0.4178,37.0,22.024
9816.8,7352.8,0.6334,0.2786,8892.4,0.5166,58.92,22.173
2523.1,1725.8,0.4631,0.1772,8833.7,0.3594,37.57,22.181
4917.2,9494.9,0.6561,0.533,3562.0,0.4909,46.6,23.827
2857.2,8533.7,0.5838,0.4756,2389.2,0.5225,29.95,22.843
6272.5,785.4,0.207,0.1187,10823.6,0.2411,28.61,26.209
11172.3,10466.9,0.3652,0.0394,9672.3,0.326,46.51,23.51
11862.3,7441.7,0.4331,0.0872,10804.2,0.3869,57.99,21.665
11473.2,7026.7,0.5215,0.1194,10560.7,0.4387,56.67,21.586
4613.3,11273.3,0.596,0.3408,3207.9,0.4739,51.17,21.936
6093.8,3322.3,0.5651,0.4875,8521.8,0.564,28.56,25.595
6099.2,8850.4,0.7627,0.5733,4886.1,0.5528,48.66,25.667
6948.7,989.6,0.2377,0.0952,10960.7,0.3368,28.63,26.035
5444.1,9226.4,0.7142,0.5563,4144.6,0.5842,45.31,23.428
2808.8,6984.2,0.7773,0.5217,3751.5,0.5212,26.22,23.338
7612.3,4962.1,0.7303,0.5751,8248.0,0.6011,38.34,25.146
1672.0,9150.1,0.4957,0.3087,1360.8,0.3685,24.48,19.697
7222.7,9034.4,0.8025,0.4532,5907.4,0.581,49.01,25.043
1670.8,3567.1,0.6698,0.2175,6935.0,0.3416,32.82,23.083
1195.9,5063.7,0.7141,0.2563,5444.8,0.3738,32.07,20.925
8406.5,2230.5,0.4902,0.1293,10774.3,0.241,20.78,21.279
5694.3,6485.7,0.8092,0.7743,5805.7,0.6986,28.74,28.737
11489.3,7843.2,0.4269,0.103,10336.6,0.372,59.66,22.83
5183.5,6702.6,0.8176,0.7621,5290.4,0.6513,29.5,28.023
678.2,593.0,0.2986,0.0493,9941.1,0.2446,37.09,25.579
203.5,89.9,0.253,0.0296,10490.5,0.3291,32.55,24.947
4622.7,687.5,0.2486,0.1655,10297.4,0.358,29.27,26.047
164.5,10307.6,0.4252,0.1182,1349.3,0.3514,35.33,20.439
6353.2,1750.1,0.319,0.2279,10005.7,0.3249,27.25,24.233
6647.1,10877.5,0.8602,0.2729,5160.9,0.3886,56.27,21.773
10251.7,4902.1,0.8039,0.2183,10388.9,0.4266,46.03,21.88
8342.8,11480.0,0.8185,0.0919,6912.6,0.302,54.09,20.597
7863.8,10886.7,0.8641,0.1727,6375.6,0.3833,53.45,22.367
11516.3,3724.6,0.773,0.0699,12092.6,0.2732,44.35,21.141
1883.5,3953.8,0.7305,0.2637,6557.4,0.352,31.43,21.98
10885.0,10839.6,0.4115,0.0351,9391.2,0.3154,48.7,22.189
6325.1,832.9,0.2115,0.1202,10804.4,0.3718,24.7,26.501
298.7,2690.6,0.4391,0.0805,7901.3,0.3509,38.03,21.664
5025.1,7380.8,0.7753,0.7286,4707.0,0.6018,33.62,27.561
7646.0,7550.3,0.7495,0.5665,6817.2,0.6187,48.2,25.804
9108.6,5526.9,0.7699,0.3941,9089.7,0.5095,42.65,23.396
1212.1,1222.9,0.3712,0.0835,9281.6,0.2981,39.8,23.202
11835.9,3976.8,0.7552,0.0642,12222.3,0.2777,37.05,20.636
678.6,64.6,0.2649,0.0397,10467.7,0.2607,33.16,25.258
6820.8,845.6,0.2197,0.09,11023.5,0.2209,28.05,26.935
10183.3,4132.3,0.8077,0.1809,10767.9,0.3343,33.88,23.13
9136.8,2362.8,0.576,0.0941,11159.5,0.2684,23.97,20.686
7998.2,2866.8,0.5437,0.2536,10024.6,0.377,22.5,21.999
443.2,2402.7,0.4294,0.0797,8166.0,0.2628,40.23,21.656
10375.3,1511.0,0.5396,0.0,12632.2,0.2932,21.76,21.279
259.1,10393.8,0.4197,0.1218,1245.5,0.3125,37.71,20.223
160.7,4081.2,0.5208,0.1195,6557.1,0.3093,32.68,20.509
9812.7,10517.6,0.5965,0.0842,8312.7,0.3641,53.21,21.351
3012.4,10994.3,0.4129,0.3207,1591.2,0.4694,45.99,21.47
6488.8,1811.9,0.3277,0.2274,10018.5,0.313,28.2,24.723
7015.9,4248.0,0.6708,0.5622,8337.4,0.5217,30.99,25.633
8344.2,3317.4,0.6284,0.2833,9921.3,0.4724,27.2,22.909
6865.5,9974.5,0.844,0.3657,5391.2,0.4781,53.7,23.122
4762.9,170.4,0.1963,0.1205,10832.6,0.2573,38.48,25.64
2928.9,423.3,0.2979,0.119,10177.5,0.3479,32.24,23.366
9350.0,1014.3,0.4054,0.0,12312.7,0.1949,20.52,21.801
5996.5,10427.5,0.7927,0.3787,4497.1,0.5044,58.16,22.337
1456.1,7379.5,0.656,0.3447,3120.8,0.4543,28.59,21.615
8169.9,8651.9,0.7498,0.3907,6921.2,0.5461,50.74,23.279
1354.9,2401.5,0.5069,0.1323,8099.8,0.3113,34.14,21.936
4629.3,8916.4,0.6496,0.5885,3507.2,0.5042,44.11,24.469
7423.2,7745.1,0.7575,0.5775,6532.5,0.6426,46.52,25.944
9090.7,5068.5,0.7785,0.3746,9333.9,0.5381,42.15,22.892
5941.8,41.4,0.1532,0.0747,11362.8,0.2504,28.52,28.008
6396.4,1382.5,0.2715,0.1769,10349.1,0.288,29.44,25.635
8114.8,2595.5,0.5158,0.2029,10307.1,0.4163,27.06,21.798
9612.4,358.0,0.3422,0.0,12987.3,0.1838,21.67,23.26
2516.3,827.6,0.3489,0.126,9725.6,0.3143,36.13,23.403
3099.6,1167.0,0.3778,0.1722,9469.1,0.3328,30.12,22.689
3130.6,11948.8,0.3943,0.2469,2181.2,0.3906,52.56,21.182
6600.6,2557.8,0.438,0.3326,9439.0,0.4403,27.47,23.133
9875.1,7034.7,0.6532,0.2827,9063.8,0.4322,58.5,22.668
2247.9,1549.0,0.4371,0.1502,8982.2,0.3156,33.93,21.018
7921.5,614.7,0.2508,0.0053,11787.9,0.2495,20.98,25.742
1624.6,10580.0,0.393,0.2287,148.0,0.4085,38.84,19.216
2680.7,7734.8,0.6784,0.49,3006.7,0.5158,34.95,23.207
7980.4,8901.2,0.772,0.3852,6674.7,0.5956,55.67,23.741
1876.8,4430.6,0.7696,0.2947,6081.1,0.4408,24.56,22.252
1230.2,7715.8,0.6135,0.3126,2797.2,0.4166,26.43,21.315
6898.5,4181.4,0.6639,0.564,8310.8,0.5228,24.64,25.989
4230.8,306.0,0.2323,0.1344,10553.4,0.3124,33.1,26.766
10126.6,144.7,0.345,0.0,13477.8,0.2643,22.24,23.331
4516.5,2904.1,0.5882,0.4197,8173.0,0.4605,29.7,23.81
2636.9,5156.5,0.8692,0.4401,5463.1,0.5126,28.44,24.358
5837.1,3183.3,0.5536,0.475,8505.5,0.4892,33.63,24.63
11972.1,3199.0,0.7161,0.0364,12766.0,0.2567,41.55,21.498
218.1,9607.2,0.4636,0.148,1562.1,0.2904,37.77,18.326
875.9,11104.9,0.3709,0.1393,869.1,0.35,38.23,20.357
10505.1,3081.1,0.7492,0.0837,11667.6,0.2967,27.16,20.388
3860.3,8721.7,0.6093,0.5623,2955.2,0.5209,33.47,24.134
3124.1,1785.1,0.4649,0.2193,8865.0,0.387,35.88,21.627
6718.2,7544.0,0.7675,0.6706,5997.3,0.6177,46.43,26.433
6298.3,7621.0,0.769,0.6954,5595.7,0.652,42.71,27.286
5889.6,11045.8,0.7868,0.311,4423.4,0.4424,55.12,22.549
5019.7,6108.3,0.8484,0.7558,5628.1,0.6905,33.35,28.413
7135.0,8657.7,0.7861,0.5099,5928.5,0.5619,52.55,24.377
5556.9,7670.4,0.7626,0.7167,4946.2,0.6586,34.48,27.552
7423.2,8268.2,0.7686,0.5237,6329.7,0.624,48.28,25.508
2741.2,6765.2,0.7982,0.513,3935.6,0.558,25.85,23.695
1600.5,8906.5,0.517,0.3125,1596.6,0.4418,27.6,20.871
8907.3,1909.5,0.4912,0.0603,11343.1,0.3231,22.58,21.898
6466.8,2717.7,0.4627,0.3681,9232.2,0.4154,23.93,23.21
7302.9,11941.8,0.8561,0.1181,5979.3,0.3219,60.73,21.323
7340.6,10764.9,0.8798,0.2274,5846.6,0.3803,57.49,21.462
8952.5,7927.6,0.6796,0.3579,7884.0,0.5443,51.23,22.888
10151.2,11852.4,0.528,0.0179,8756.3,0.2642,52.91,21.044
870.1,1445.8,0.3756,0.0748,9076.1,0.3017,36.16,23.003
5176.1,11951.3,0.6661,0.2501,3952.2,0.3609,60.08,21.059
5674.1,9132.6,0.7349,0.5598,4392.3,0.5938,38.81,24.119
7581.4,3325.7,0.5777,0.3672,9405.0,0.469,25.19,23.958
7328.5,3849.3,0.632,0.4742,8843.3,0.4831,29.48,23.058
4306.2,4827.7,0.8626,0.6257,6328.4,0.6211,24.71,26.358
3918.4,2764.6,0.5988,0.3666,8104.6,0.4316,35.51,22.103
368.7,1661.9,0.3624,0.0594,8910.2,0.3147,41.2,24.061
4191.2,8244.0,0.6744,0.623,3511.7,0.5685,38.82,25.102
264.3,4490.5,0.5571,0.1435,6135.3,0.3733,30.82,20.85
8792.6,4485.1,0.7554,0.3704,9453.1,0.5371,35.31,24.24
1885.5,4235.6,0.7559,0.2828,6276.2,0.4142,25.66,22.281
2833.3,6537.8,0.8253,0.5236,4180.5,0.6041,24.24,24.181
6807.6,4607.3,0.7062,0.6258,7930.6,0.6088,30.26,27.226
11574.4,5104.4,0.7352,0.1071,11428.3,0.4347,48.5,21.616
6132.2,7313.0,0.7755,0.7285,5622.6,0.6535,32.21,26.741
7936.4,9710.4,0.8166,0.2948,6484.6,0.4198,59.28,22.915
2794.2,4270.0,0.8263,0.3953,6363.0,0.4942,31.38,23.225
9551.9,3032.2,0.6961,0.1372,10981.9,0.3283,23.8,21.453
10833.2,10354.2,0.418,0.0528,9334.3,0.3744,55.8,22.755
7509.0,5698.7,0.7526,0.6346,7691.6,0.6236,39.4,26.433
9870.3,5967.2,0.743,0.2956,9518.8,0.5123,52.3,22.702
1498.5,6200.0,0.7421,0.3401,4300.0,0.4408,28.36,21.638
10388.1,7145.7,0.6049,0.218,9500.0,0.4646,55.6,21.578
3069.4,8122.0,0.6423,0.5212,2849.2,0.5108,28.14,23.05
3305.0,10629.7,0.4479,0.3699,1809.7,0.4254,46.66,21.151
4626.9,4737.0,0.838,0.6461,6556.7,0.5788,28.78,27.063
10653.6,8088.4,0.498,0.1589,9465.9,0.4712,61.23,22.039
4351.4,2619.8,0.5488,0.3757,8380.2,0.427,34.1,23.355
28.0,10813.3,0.397,0.0923,1505.0,0.3205,35.94,20.433
464.6,7702.1,0.5686,0.2303,2983.4,0.3788,32.3,21.45
5289.8,5551.1,0.8361,0.748,6233.3,0.6354,33.16,27.751
4143.1,9928.9,0.5559,0.4747,2704.1,0.4463,43.83,21.365
11087.0,2843.4,0.7279,0.047,12269.2,0.2988,31.77,21.305
8081.1,11622.6,0.8385,0.0958,6676.2,0.3428,62.27,22.154
1225.7,8601.9,0.5386,0.2842,1917.9,0.3947,31.27,20.278
7041.3,1636.3,0.3164,0.1621,10453.3,0.2814,27.21,25.873
6187.0,11267.4,0.8202,0.2643,4749.4,0.359,60.11,21.29
8251.6,7250.0,0.7287,0.5039,7493.1,0.6241,46.15,24.119
3727.1,8632.3,0.6106,0.5579,2906.6,0.579,35.05,24.02
6237.0,2619.9,0.4501,0.3669,9194.3,0.3978,21.23,22.273
592.7,11113.0,0.3741,0.1185,1095.0,0.3427,36.75,21.628
7517.1,11615.6,0.8694,0.1308,6119.6,0.4155,57.94,22.093
10744.1,9440.2,0.4336,0.0937,9304.7,0.4135,56.27,21.714
7032.5,1959.4,0.3594,0.2067,10175.9,0.3779,28.23,23.756
9378.6,8896.4,0.6348,0.2313,8040.2,0.4035,57.53,21.398
4171.4,7375.4,0.7675,0.6725,4110.9,0.5941,29.86,26.595
368.1,10388.5,0.4191,0.1299,1137.4,0.3806,33.22,19.776
10107.4,5474.4,0.7749,0.256,9967.1,0.4565,40.64,22.049
697.8,11515.8,0.35,0.11,1294.4,0.3225,43.64,22.075
10127.1,11984.4,0.5281,0.0147,8753.9,0.3834,52.04,20.76
929.9,4812.9,0.6683,0.216,5715.6,0.3776,31.78,22.024
1586.8,8651.7,0.5405,0.3224,1850.4,0.4418,35.59,21.355
11076.9,11743.5,0.3788,0.0104,9657.3,0.3344,49.02,22.085
5906.3,9643.9,0.7636,0.4841,4488.7,0.521,46.73,24.541
5667.1,4343.9,0.7282,0.645,7433.8,0.5978,26.84,26.647
10079.8,9466.3,0.5371,0.1326,8641.8,0.3864,59.58,21.881
8165.4,6894.5,0.7368,0.5352,7578.1,0.5508,49.35,26.056
9557.8,5363.9,0.7817,0.3238,9555.5,0.5233,48.04,23.039
9583.7,11261.7,0.6396,0.053,8119.5,0.278,52.21,21.306
7631.3,11350.7,0.8736,0.146,6190.1,0.2968,57.1,21.113
5718.8,11070.5,0.7644,0.3193,4257.2,0.4394,53.15,21.49
6166.1,3823.3,0.6359,0.5618,8145.6,0.5639,31.07,25.188
4653.1,9751.6,0.6201,0.5043,3240.7,0.5771,47.6,24.133
6849.9,6471.3,0.7704,0.7162,6697.2,0.7506,39.87,28.402
2431.4,8773.9,0.5438,0.4141,1961.4,0.5026,29.96,22.694
11457.8,11676.2,0.3254,0.0085,10027.0,0.2407,46.93,23.378
3224.5,6618.8,0.8328,0.577,4247.1,0.623,22.07,25.95
3327.0,5210.5,0.8977,0.5377,5596.1,0.5663,22.05,24.297
9508.5,8856.2,0.6175,0.2216,8175.5,0.4309,55.35,22.538
4170.9,5333.8,0.8905,0.6506,5815.8,0.4945,27.53,26.245
4031.5,7944.6,0.6997,0.6303,3597.0,0.5992,26.18,24.784
480.5,6339.8,0.6175,0.2297,4283.3,0.3397,22.95,21.323
10897.4,1023.9,0.4847,0.0,13345.7,0.2432,22.42,19.997
3544.7,6541.5,0.8476,0.618,4455.3,0.5745,25.36,26.096
5419.3,1408.4,0.2949,0.2286,9900.4,0.3173,33.14,25.029
5512.6,94.1,0.1643,0.0956,11152.7,0.2655,30.67,27.357
8969.4,7536.6,0.6861,0.3825,8035.8,0.5423,54.03,23.157
848.4,9896.2,0.4438,0.1897,888.3,0.3409,35.56,18.29
9274.4,9264.1,0.6554,0.2111,7872.0,0.4356,59.8,22.918
4921.1,7791.0,0.7427,0.6974,4363.8,0.6118,32.75,26.95
8897.7,4862.8,0.7706,0.388,9300.7,0.4676,45.45,23.661
6953.1,3966.0,0.6397,0.5286,8510.6,0.5107,28.13,26.217
11124.1,10.9,0.3573,0.0,14235.3,0.2743,22.38,23.213
599.4,8766.0,0.5151,0.2135,1953.9,0.3983,34.45,20.211
7218.4,10437.6,0.871,0.2757,5718.7,0.4563,59.04,21.51
5668.2,9608.1,0.7388,0.5014,4262.5,0.5856,45.92,23.303
8793.8,5762.6,0.7591,0.4488,8697.3,0.5221,46.07,24.123
10346.8,199.2,0.3603,0.0,13578.3,0.206,28.12,22.074
9250.6,5595.3,0.7691,0.3755,9172.1,0.4734,42.9,22.859
926.9,3074.4,0.5403,0.1309,7447.7,0.3276,38.0,21.958
4884.1,3432.9,0.6535,0.5068,7835.5,0.4496,29.18,25.556
6051.6,1955.3,0.3512,0.2752,9681.4,0.3263,27.15,25.032
3561.2,9287.6,0.5407,0.4954,2391.3,0.5247,34.78,22.624
5075.1,6929.3,0.8066,0.7515,5052.8,0.664,27.84,28.248
1726.4,8628.4,0.5452,0.3394,1885.2,0.5135,32.94,21.3
9067.3,10832.1,0.7266,0.1002,7574.6,0.3269,54.25,20.812
8261.4,836.2,0.2975,0.0027,11794.3,0.1955,24.19,24.265
4346.2,2853.4,0.5902,0.4044,8159.2,0.4297,30.63,23.757
11721.9,2279.2,0.646,0.0127,13117.5,0.2857,30.68,20.461
8941.3,9523.3,0.7082,0.2184,7505.1,0.4715,59.64,22.325
9794.6,9175.9,0.5792,0.1727,8399.6,0.3704,52.62,21.646
3918.7,11353.1,0.4952,0.3301,2564.7,0.4153,51.48,21.285
80.1,6002.0,0.569,0.1836,4716.8,0.3084,33.78,21.014
4454.7,5590.1,0.8818,0.6946,5730.4,0.6212,28.74,26.908
8576.2,1403.7,0.392,0.0304,11524.6,0.2336,19.15,22.182
3594.0,7676.9,0.7177,0.6012,3514.9,0.5093,29.84,24.333
10086.5,3727.9,0.7876,0.1594,10935.7,0.3305,31.25,21.407
4301.6,9512.5,0.5892,0.52,2970.5,0.5919,42.89,23.543
9410.6,5217.4,0.7845,0.3378,9512.3,0.4748,43.41,23.935
8137.5,135.4,0.2231,0.0,12307.8,0.2325,23.54,25.577
3021.6,4580.8,0.8609,0.4498,6111.6,0.4682,30.15,23.974
8199.4,2569.3,0.5192,0.1915,10381.6,0.3657,20.62,21.59
8585.9,4207.0,0.7285,0.3687,9477.0,0.4465,30.59,23.076
11527.7,2756.5,0.7067,0.032,12669.5,0.2933,27.17,22.173
10365.5,10587.8,0.4989,0.0589,8866.0,0.3066,53.45,20.679
9806.5,8620.6,0.5797,0.2093,8516.4,0.4646,58.79,22.552
2799.9,7951.3,0.6548,0.4968,2861.0,0.5788,33.28,23.301
7068.3,9138.2,0.8073,0.4557,5732.4,0.542,53.19,24.258
8821.8,5408.8,0.7672,0.432,8917.9,0.5278,42.66,23.858
11093.3,5568.8,0.7285,0.1531,10786.5,0.4099,52.18,21.456
8509.4,8348.9,0.7166,0.3795,7332.1,0.4552,50.92,23.054
8904.1,1309.5,0.408,0.0085,11802.0,0.236,22.86,22.555
7538.1,4253.1,0.6796,0.5068,8688.0,0.5696,38.98,25.224
4338.7,4244.5,0.8061,0.5709,6869.5,0.6144,24.08,24.691
9686.3,2499.3,0.6399,0.0771,11446.7,0.1885,21.18,19.755
6850.5,494.9,0.1899,0.0586,11345.9,0.2605,26.04,26.324
4217.2,3060.9,0.6343,0.422,7919.8,0.4428,31.5,23.831
5204.9,7650.6,0.7585,0.716,4673.9,0.6267,39.4,27.209
2521.8,11423.8,0.3699,0.2526,1377.5,0.4091,45.44,22.111
7633.3,6049.3,0.7544,0.6265,7578.0,0.6531,39.5,27.07
4215.9,9370.1,0.5879,0.5299,2941.6,0.545,39.52,24.148
4083.2,4499.9,0.8459,0.5722,6532.5,0.5586,26.55,25.015
2504.8,10572.7,0.4043,0.3114,1007.4,0.421,41.0,20.517
9110.2,1579.7,0.4629,0.0214,11725.5,0.2876,23.68,20.747
9355.7,8866.4,0.6374,0.236,8023.7,0.4541,53.92,21.879
4595.4,4642.2,0.832,0.6344,6625.4,0.5698,32.81,26.786
4648.7,5409.1,0.8706,0.7015,5985.9,0.6569,24.86,26.983
10258.3,2815.7,0.713,0.0762,11651.5,0.249,28.35,21.882
11179.0,4644.8,0.7888,0.1235,11312.2,0.3079,46.5,21.886
8623.1,6427.8,0.7383,0.479,8204.9,0.6146,47.68,24.75
7509.6,8330.7,0.7684,0.5066,6389.1,0.5501,51.1,24.752
9051.9,8739.7,0.6723,0.2788,7754.3,0.4826,53.5,22.914
9698.2,3878.5,0.7789,0.207,10538.2,0.3702,35.22,21.275
7679.3,11923.0,0.8485,0.0968,6341.0,0.3497,60.14,20.967
5218.4,4139.8,0.7341,0.6128,7367.4,0.565,30.72,25.735
8096.2,5966.2,0.7522,0.5594,8004.1,0.6273,41.88,25.55
4050.0,7654.3,0.7335,0.6483,3821.1,0.6747,32.07,25.625
1994.3,9579.4,0.4608,0.3213,1044.9,0.4625,32.96,20.005
2930.8,3194.3,0.692,0.3199,7444.5,0.426,32.34,22.206
681.5,11916.8,0.3281,0.0939,1636.3,0.3573,42.8,22.393
5706.5,11801.8,0.7482,0.2384,4403.3,0.3941,61.61,20.934
10360.6,6520.6,0.671,0.2331,9713.2,0.472,52.39,21.825
6120.5,8516.3,0.7607,0.6126,5028.4,0.5974,45.7,24.852
8321.4,517.5,0.269,0.0,12090.5,0.1413,28.16,24.534
10416.4,11737.2,0.4852,0.0175,9001.8,0.2334,52.93,21.2
11853.8,287.1,0.3874,0.0,14543.2,0.2983,24.59,21.951
9699.3,7106.3,0.6594,0.3032,8873.9,0.4812,55.65,23.021
10920.9,10747.0,0.4053,0.0371,9424.2,0.2922,56.41,22.734
11420.1,281.8,0.3905,0.0,14241.5,0.2158,25.81,22.945
11534.9,9245.9,0.3296,0.063,10113.0,0.3246,52.09,23.342
4495.1,10162.5,0.5923,0.4598,3014.0,0.4434,49.96,22.242
5231.3,482.1,0.2018,0.1363,10690.2,0.2599,32.05,27.049
6833.8,5782.8,0.7658,0.7126,7120.5,0.6761,33.42,28.18
5552.3,4056.4,0.7003,0.6076,7611.9,0.5608,28.69,26.533
11334.1,8980.9,0.3643,0.0802,9950.8,0.4435,59.8,24.337
10039.4,211.6,0.3486,0.0,13370.6,0.1445,22.99,22.39
159.2,10830.6,0.3952,0.0998,1381.0,0.381,41.53,20.871
5294.1,10917.0,0.7037,0.3604,3816.9,0.4701,51.75,22.291
6312.5,6637.3,0.785,0.7528,6171.0,0.5856,37.26,28.16
7814.7,1814.7,0.3836,0.1233,10738.2,0.2563,20.35,22.687
11680.4,958.0,0.4746,0.0,13953.1,0.2606,27.78,21.374
6343.8,9411.9,0.7922,0.4844,4964.5,0.5395,50.72,24.112
2710.2,3164.5,0.6834,0.2948,7434.7,0.4153,31.96,22.311
9209.4,114.3,0.291,0.0,12934.4,0.2573,20.78,24.175
1139.8,10383.6,0.4095,0.1938,378.6,0.3353,34.55,19.318
2146.0,7269.8,0.71,0.4321,3294.2,0.5114,24.21,22.734
8032.4,10316.1,0.8382,0.2178,6535.0,0.384,59.59,22.503
9871.5,1492.0,0.5095,0.0,12297.4,0.1879,17.93,22.017
1966.0,8123.5,0.6048,0.3881,2421.7,0.453,26.57,20.582
2161.5,2786.8,0.6076,0.2152,7741.5,0.4194,33.66,21.701
37.8,6352.5,0.5637,0.1875,4397.7,0.3978,31.42,22.112
6286.3,5793.6,0.7861,0.7517,6712.6,0.7068,27.56,29.455
6674.7,236.7,0.1673,0.0507,11494.0,0.2545,29.4,27.523
8318.2,9796.0,0.791,0.2483,6854.4,0.402,56.54,21.393
4888.8,4766.3,0.8234,0.6676,6660.3,0.4922,29.94,26.454
133.7,6791.6,0.57,0.2021,3952.1,0.3592,31.32,21.177
6083.0,10439.8,0.8024,0.371,4583.4,0.4976,53.61,21.917
11760.4,4694.6,0.7459,0.0868,11788.9,0.2547,46.13,21.875
5733.3,7301.7,0.779,0.7417,5305.7,0.6404,38.01,27.076
3554.8,8868.6,0.5773,0.526,2623.7,0.5751,37.79,24.818
6865.4,1775.5,0.329,0.1944,10242.3,0.3254,26.39,24.318
10105.2,2377.5,0.6504,0.0492,11833.2,0.2887,25.12,20.754
7064.6,6661.6,0.7644,0.6896,6760.0,0.7272,41.41,27.503
10120.7,5675.2,0.7601,0.259,9879.0,0.5129,50.93,22.495
4914.6,9975.5,0.6495,0.4798,3454.7,0.5474,53.19,23.531
1237.6,8136.2,0.5784,0.3023,2378.3,0.3758,34.21,20.605
6686.2,608.0,0.1953,0.0776,11169.1,0.3415,31.14,27.779
4707.3,11244.1,0.6109,0.3424,3292.5,0.4699,56.87,22.656
9049.2,71.4,0.2767,0.0,12874.2,0.2066,27.36,25.294
11771.2,5614.9,0.6701,0.1008,11373.8,0.4193,53.76,22.211
11828.5,9135.2,0.2998,0.0542,10418.3,0.4139,55.63,25.205
10903.7,3694.4,0.795,0.1001,11608.0,0.2953,35.06,20.753
3731.5,3396.6,0.7138,0.4203,7445.7,0.4855,29.56,23.849
9928.9,5740.0,0.759,0.2847,9680.1,0.4757,52.12,23.197
9668.2,10427.8,0.6206,0.0965,8168.5,0.3031,52.52,20.749
6200.0,3074.5,0.523,0.4425,8788.0,0.4309,30.16,23.798
9094.0,8324.3,0.6643,0.309,7899.5,0.4379,51.79,22.753
5258.9,5587.3,0.8386,0.7487,6185.8,0.6278,30.89,29.584
1772.8,1060.3,0.3717,0.1033,9443.6,0.3352,41.5,22.703
1356.0,4990.4,0.7338,0.2698,5511.5,0.3473,27.66,21.622
4077.4,5349.5,0.8938,0.6412,5759.4,0.6353,30.0,27.423
5280.0,11275.6,0.6993,0.3198,3858.8,0.4788,52.46,22.003
459.1,9754.1,0.4554,0.1618,1280.6,0.3085,34.73,19.971
4870.3,8760.2,0.6769,0.6099,3792.9,0.5193,39.76,24.822
7190.6,8877.6,0.7952,0.4765,5917.3,0.5137,52.6,23.292
8616.8,170.3,0.2572,0.0,12544.0,0.1571,23.81,24.833
3691.5,5746.4,0.8976,0.6161,5234.4,0.5114,30.97,25.428
6527.3,8113.1,0.7689,0.6308,5565.1,0.6396,40.33,25.962
6715.0,7571.7,0.7675,0.6685,5980.9,0.7258,43.19,27.646
7352.9,8265.3,0.77,0.5322,6265.0,0.5521,45.89,24.141
7383.6,7375.2,0.7556,0.6135,6661.9,0.6153,50.78,26.483
5952.4,10050.4,0.7786,0.4293,4475.0,0.538,55.59,23.069
10049.1,2403.3,0.6508,0.0532,11774.7,0.2325,27.52,20.849
1348.6,4493.0,0.7106,0.2406,6008.9,0.3985,35.78,21.499
6605.4,5274.6,0.7561,0.7046,7305.5,0.6736,34.05,27.859
6477.2,9099.6,0.7888,0.5148,5170.4,0.5252,49.37,24.493
632.7,11566.8,0.3478,0.1039,1374.9,0.3416,44.36,21.755
1584.7,8189.8,0.5853,0.3404,2311.7,0.4587,26.55,21.197
2292.7,1237.8,0.398,0.1366,9296.0,0.3986,34.81,22.112
711.3,7763.4,0.5806,0.2545,2848.0,0.3755,33.1,20.849
11340.7,11116.6,0.3421,0.0198,9860.0,0.2768,51.39,23.141
7711.4,1216.5,0.3007,0.0648,11169.8,0.2759,20.67,24.15
4327.0,6892.6,0.8177,0.7022,4583.1,0.5468,27.27,25.958
8354.6,5650.4,0.7562,0.5125,8396.6,0.5113,37.0,25.416
4944.9,5117.2,0.8427,0.7021,6390.8,0.6155,24.2,27.929
8591.2,8492.3,0.713,0.3556,7369.9,0.5505,55.48,23.638
5068.1,8353.7,0.7112,0.6533,4163.9,0.5927,36.99,25.487
10520.8,8491.4,0.491,0.1526,9241.7,0.48,52.54,22.555
10002.9,3970.8,0.797,0.1857,10720.5,0.4483,33.77,22.386
5312.1,10267.5,0.7032,0.4361,3819.2,0.5301,48.85,22.977
6164.9,4576.1,0.7244,0.6627,7540.2,0.5582,30.39,27.666
2298.2,9433.9,0.4764,0.3624,1331.8,0.5032,33.75,20.593
3701.9,5274.7,0.9,0.5911,5670.3,0.5701,28.64,25.535
6735.6,9073.9,0.7978,0.4959,5426.3,0.5418,51.23,23.424
9991.8,9445.8,0.5509,0.1399,8557.0,0.372,56.16,21.821
11977.9,5539.5,0.6581,0.087,11592.8,0.3699,56.43,21.82
5970.8,10091.2,0.7817,0.4229,4489.5,0.4204,51.23,22.496
801.0,9548.2,0.4665,0.2007,1180.8,0.4289,34.97,20.359
11681.6,8622.8,0.3426,0.073,10353.2,0.3588,53.58,24.762
7958.9,10489.2,0.8495,0.2056,6458.9,0.3976,55.79,21.999
1147.4,4193.9,0.6646,0.2037,6316.0,0.402,29.98,22.261
4138.4,9448.2,0.5764,0.5191,2840.3,0.5621,41.96,22.706
3017.8,10286.1,0.4421,0.376,1532.8,0.5079,42.62,21.655
4584.4,11037.6,0.5946,0.3667,3130.9,0.4866,52.89,22.147
9422.1,3854.1,0.7614,0.2326,10340.6,0.3892,31.33,22.339
6748.3,257.5,0.1701,0.0479,11508.8,0.3282,28.52,27.343
3873.6,8770.5,0.6055,0.5596,2936.9,0.5591,38.65,23.857
2909.9,3224.2,0.6963,0.3203,7411.1,0.4827,33.67,22.032
6439.1,10164.2,0.8273,0.3783,4950.5,0.4977,53.39,22.58
6199.4,3717.6,0.62,0.5444,8251.4,0.5261,25.36,25.77
124.1,8576.9,0.5122,0.1764,2364.6,0.382,32.82,20.272
6298.7,8255.7,0.7655,0.6316,5297.6,0.5841,41.87,26.424
4096.7,1849.1,0.4332,0.2755,9032.2,0.4175,29.99,22.754
386.2,3921.1,0.5421,0.1284,6672.5,0.3563,32.91,21.413
1628.0,1607.6,0.4287,0.1172,8893.3,0.34,38.13,21.413
6126.0,608.9,0.1918,0.1103,10919.4,0.2394,23.33,25.995
3957.1,10999.9,0.5071,0.3659,2507.4,0.5192,48.37,21.988
11418.3,8867.4,0.3591,0.0794,10051.7,0.3859,58.75,22.714
2823.9,4851.7,0.8696,0.4444,5801.4,0.513,26.74,23.412
10524.7,2456.5,0.6784,0.0414,12089.0,0.2668,24.57,21.0
6983.0,3166.0,0.534,0.4006,9157.0,0.4399,28.14,23.929
9456.5,2847.4,0.667,0.1248,11039.4,0.3116,23.96,21.543
7257.8,11151.9,0.8825,0.1929,5794.6,0.2935,56.59,20.555
10212.5,8065.3,0.55,0.201,9046.3,0.4726,58.39,21.736
9401.7,5057.9,0.7879,0.3308,9594.5,0.4918,40.4,22.699
11668.7,9286.6,0.3123,0.0566,10240.8,0.3541,57.69,23.092
10779.1,9987.1,0.4256,0.0689,9293.3,0.4115,55.35,21.245
169.2,6446.0,0.5787,0.2013,4266.8,0.336,31.1,21.422
7789.5,8963.6,0.7849,0.3998,6474.5,0.5404,51.34,23.485
9986.7,6437.3,0.6989,0.2802,9409.0,0.4938,49.89,22.348
9534.8,2728.9,0.6584,0.1076,11178.0,0.3238,28.18,21.369
7576.9,7563.4,0.7516,0.5743,6749.3,0.6531,44.84,26.236
9379.2,5982.8,0.7498,0.3646,9082.2,0.5421,48.88,23.747
10852.2,2900.9,0.7353,0.0577,12050.3,0.2669,28.78,21.015
233.8,10759.2,0.3987,0.1071,1292.5,0.3236,35.99,20.819
11806.2,2649.8,0.6821,0.0231,12955.5,0.2679,29.61,21.001
863.3,1492.4,0.3794,0.0757,9030.1,0.3496,41.05,22.709
11928.4,9868.4,0.2693,0.0348,10447.5,0.3757,51.25,25.062
2011.1,398.7,0.3089,0.0876,10114.2,0.2862,38.61,23.802
6430.6,2013.6,0.356,0.2605,9814.8,0.3855,30.71,24.726
11967.4,897.5,0.4596,0.0,14204.7,0.2215,27.97,20.653
6760.2,5528.4,0.7613,0.7082,7237.8,0.6199,36.8,27.913
2644.3,3634.2,0.7474,0.3254,6960.5,0.4333,31.45,22.648
4947.0,330.9,0.2008,0.1301,10737.5,0.2135,31.5,26.061
6746.1,9737.4,0.8282,0.4075,5301.2,0.48,56.21,23.558
3539.2,3611.3,0.7524,0.4233,7184.2,0.4695,33.27,23.826
388.0,5326.9,0.6041,0.1888,5291.3,0.3131,26.88,21.42
5500.9,11808.0,0.7195,0.2495,4209.3,0.4707,53.8,22.555
10379.2,6870.1,0.6333,0.2256,9592.5,0.5063,56.4,23.317
10335.2,8376.4,0.5197,0.174,9086.8,0.4507,59.73,22.093
2950.0,1591.1,0.44,0.1945,9026.1,0.3215,37.87,22.048
6039.1,1146.1,0.2456,0.1702,10397.1,0.3231,24.65,25.775
6085.1,8765.1,0.7609,0.5847,4902.4,0.5623,42.97,25.221
5324.0,4576.4,0.7761,0.6678,7050.7,0.6115,26.37,27.354
39.9,6403.7,0.5637,0.1886,4348.8,0.3356,30.12,20.997
6000.4,6327.2,0.8001,0.7708,6137.2,0.6392,37.29,29.528
5468.4,8295.8,0.7342,0.6599,4539.5,0.6232,39.44,26.162
4879.4,1118.4,0.2838,0.2062,9971.7,0.3355,29.16,25.927
6881.7,9719.5,0.8325,0.3975,5438.0,0.4864,53.42,22.799
9335.6,7586.4,0.6582,0.3295,8359.8,0.533,53.53,22.927
9004.2,7429.9,0.6871,0.384,8108.0,0.5064,51.47,24.038
4775.9,6407.1,0.8456,0.7436,5242.5,0.6239,32.06,27.524
6656.1,4859.1,0.7295,0.6651,7642.3,0.6045,26.61,26.853
6128.8,761.8,0.2053,0.1245,10782.3,0.2844,26.39,26.136
8746.5,8368.7,0.6973,0.3479,7553.4,0.5347,53.54,23.077
465.3,349.7,0.2756,0.0393,10202.9,0.2618,38.88,25.33
10972.1,7881.4,0.4786,0.1397,9827.4,0.4697,56.26,21.748
639.7,11201.8,0.3684,0.1183,1110.2,0.3555,36.37,21.464
7574.9,2895.0,0.5189,0.3002,9733.5,0.3941,25.62,23.814
9870.3,9559.0,0.5713,0.1411,8423.0,0.3934,57.95,21.033
5345.2,11586.5,0.7035,0.2817,3995.8,0.4703,53.65,20.75
3616.4,315.7,0.2622,0.129,10401.9,0.3305,35.33,25.667
5642.2,8448.5,0.7386,0.6405,4622.4,0.5983,36.48,26.463
4021.3,1974.8,0.4578,0.2858,8890.3,0.4268,33.68,22.709
5494.0,140.9,0.1678,0.0998,11102.4,0.3059,24.04,27.187
10954.2,8210.9,0.4544,0.1301,9727.4,0.4295,54.92,21.04
7988.1,3806.5,0.657,0.3928,9321.9,0.495,33.13,23.668
4745.7,8199.4,0.7049,0.6581,3978.3,0.623,34.43,24.989
3814.4,6112.4,0.8816,0.6446,4960.6,0.5833,27.07,26.257
5159.5,3658.5,0.67,0.547,7758.7,0.5003,23.51,25.085
23.8,6224.0,0.5622,0.1837,4523.7,0.4346,33.5,21.962
11485.2,5672.1,0.689,0.1218,11091.1,0.4203,54.36,22.283
7393.3,7251.9,0.7552,0.6212,6729.1,0.6338,44.57,26.663
3269.7,5669.3,0.8953,0.5566,5144.6,0.5767,27.18,24.771
6731.3,1211.2,0.2557,0.1337,10660.6,0.2842,24.26,25.134
5860.5,6338.3,0.8057,0.7739,6027.7,0.6756,36.92,28.966
3418.2,5775.5,0.895,0.5817,5099.0,0.477,29.51,24.925
3339.2,4970.0,0.8904,0.5223,5827.8,0.5459,31.14,25.433
6826.3,9947.4,0.8412,0.3728,5354.9,0.5486,53.65,22.983
3085.6,5353.5,0.8934,0.514,5385.2,0.5411,26.93,24.014
3741.7,7315.0,0.7666,0.6313,3894.9,0.5007,29.63,25.898
327.4,3375.2,0.4959,0.1036,7220.6,0.328,31.44,21.326
5254.7,11315.6,0.6949,0.3164,3842.2,0.4462,57.47,22.162
10104.4,896.1,0.4386,0.0,12894.6,0.2403,24.4,20.487
9327.2,7528.8,0.6612,0.3338,8372.1,0.5446,55.11,23.264
7022.6,3365.8,0.563,0.4295,9021.9,0.4697,32.09,23.515
9800.1,8885.4,0.5781,0.1921,8455.7,0.4169,52.27,22.005
35.2,8744.7,0.5022,0.1635,2286.2,0.3329,29.08,20.056
9420.5,8428.1,0.629,0.2631,8187.0,0.4895,53.7,22.646
11234.7,507.9,0.4184,0.0,13950.2,0.2216,25.93,21.519
6043.2,9746.4,0.7793,0.4623,4605.2,0.4711,52.46,23.991
6631.5,1590.6,0.2997,0.1871,10281.5,0.2899,26.33,25.781
139.4,4033.5,0.5151,0.1162,6608.1,0.3094,36.69,21.172
2867.7,5582.9,0.8825,0.4968,5103.8,0.5841,28.6,23.862
7662.3,6145.8,0.754,0.6233,7545.4,0.5518,38.03,26.426
7557.8,776.4,0.244,0.0365,11456.2,0.2189,22.23,25.486
7723.5,5409.2,0.7473,0.5928,8040.4,0.5672,37.15,25.86
7337.3,4751.5,0.715,0.5883,8192.7,0.5685,27.5,26.12
2872.9,9737.8,0.4682,0.4023,1570.3,0.4365,37.79,21.386
1640.5,2968.6,0.5974,0.1807,7532.7,0.4285,34.35,22.734
2832.2,4748.2,0.8645,0.4379,5904.0,0.4988,27.5,24.168
3371.9,1496.6,0.414,0.21,9195.9,0.3326,31.46,22.823
5386.8,1.1,0.1621,0.0932,11195.2,0.2891,29.66,27.98
8802.4,7256.5,0.704,0.4227,7990.4,0.6052,50.79,24.113
7738.1,4080.5,0.671,0.4603,8951.2,0.5144,25.69,25.514
1075.5,10102.9,0.4279,0.2012,581.3,0.3668,37.58,19.642
5381.1,2298.6,0.4298,0.3497,9073.3,0.3996,29.8,23.604
344.3,10336.5,0.4223,0.1301,1167.2,0.3347,37.84,19.298
9306.7,6676.6,0.7086,0.3708,8692.7,0.5202,49.37,23.84
5754.0,2748.6,0.4861,0.409,8842.0,0.3919,26.37,22.849
1515.1,1371.9,0.3981,0.1025,9128.1,0.2886,31.21,22.531
2145.9,3949.3,0.7535,0.2925,6582.5,0.4063,28.77,22.414
7089.4,7689.6,0.7635,0.6211,6256.2,0.6341,39.15,25.668
586.9,8470.7,0.5326,0.2227,2225.2,0.3724,35.23,20.875
1532.3,7800.4,0.6214,0.346,2699.8,0.4742,28.17,21.805
2420.0,6783.7,0.7783,0.4699,3828.4,0.5388,28.8,23.771
6381.6,11192.3,0.84,0.2581,4930.5,0.4229,59.91,21.725
2372.8,8901.4,0.5288,0.4006,1821.4,0.4565,32.64,21.213
4968.5,9797.3,0.6578,0.4992,3539.0,0.5405,44.61,23.61
5599.2,621.9,0.2019,0.1365,10694.9,0.279,23.62,27.647
4963.1,1224.9,0.2927,0.2169,9900.5,0.4105,27.57,25.12
7191.5,77.1,0.1713,0.0137,11875.6,0.2195,20.87,26.315
9332.5,10174.2,0.6718,0.1332,7839.3,0.3446,55.02,22.211
7346.6,8117.0,0.7662,0.5492,6313.6,0.7042,50.84,26.153
9310.1,9400.3,0.6538,0.1966,7887.1,0.4344,52.19,21.796
2459.9,5100.5,0.8556,0.4126,5484.1,0.468,28.04,22.792
8377.2,9281.6,0.7606,0.2983,6984.3,0.4532,59.16,22.471
651.2,2089.8,0.4197,0.0815,8452.9,0.3155,32.59,22.059
1696.2,3887.5,0.7052,0.2397,6615.4,0.4463,32.26,22.345
684.2,7365.6,0.6011,0.2574,3238.8,0.4218,26.77,22.136
1439.4,9188.7,0.4916,0.2815,1312.7,0.4459,35.31,19.472
4163.4,6217.4,0.8718,0.6871,5043.2,0.5686,27.15,26.688
8500.7,3341.5,0.644,0.2698,10012.7,0.4253,24.08,22.109
7265.9,3252.8,0.5541,0.3881,9261.1,0.461,21.87,23.812
6801.5,1696.3,0.3168,0.1886,10276.7,0.2445,28.04,24.454
3189.4,7966.9,0.6666,0.5425,3044.8,0.5234,29.45,23.721
8719.5,8641.2,0.7048,0.3258,7455.0,0.4759,53.71,22.884
634.0,2896.6,0.4919,0.1052,7652.6,0.2467,30.04,21.029
961.2,11415.3,0.3528,0.1322,1062.1,0.2882,40.95,21.817
4232.7,1311.4,0.3451,0.2234,9586.4,0.3492,31.69,23.931
11961.6,6382.7,0.5584,0.0906,11242.6,0.4328,60.06,22.129
3678.6,8660.5,0.605,0.5517,2851.3,0.6078,33.42,23.384
9550.4,6803.0,0.6896,0.3329,8858.8,0.4242,51.29,22.622
7159.1,7332.2,0.7605,0.6431,6485.4,0.6033,37.19,26.103
8737.6,5788.7,0.758,0.4581,8635.9,0.6177,45.69,25.037
553.6,7350.9,0.5916,0.2438,3288.2,0.3879,31.49,21.376
3563.3,4698.5,0.8755,0.5296,6157.5,0.5567,34.69,25.017
6372.5,3992.7,0.651,0.5762,8129.4,0.4909,25.7,25.454
203.7,2009.8,0.3769,0.06,8588.6,0.3256,37.63,22.935
2617.1,8394.6,0.5928,0.455,2383.4,0.5073,29.47,21.602
5353.8,4256.6,0.7391,0.631,7337.0,0.5901,28.66,26.95
6344.0,551.4,0.1868,0.0932,11065.2,0.2726,28.87,26.591
5401.7,11775.5,0.7063,0.2582,4104.9,0.4036,62.32,20.891
7226.1,4001.2,0.6467,0.507,8661.6,0.5398,27.65,25.181
10286.4,8338.4,0.5275,0.1803,9048.4,0.5221,59.47,21.866
5384.1,5873.1,0.8334,0.7647,6041.0,0.677,30.56,28.394
6083.9,5.5,0.15,0.0659,11452.0,0.242,27.93,28.013
488.9,11160.5,0.3726,0.1096,1207.7,0.3059,38.02,21.036
8444.8,6639.6,0.7353,0.502,7945.6,0.5814,47.51,25.417
7489.5,9055.5,0.7999,0.422,6161.2,0.4884,52.08,23.488
2230.8,424.3,0.3104,0.0962,10102.2,0.2969,37.1,24.496
4064.1,5503.9,0.8955,0.649,5615.7,0.6054,34.44,26.447
1802.3,9703.0,0.4504,0.2941,852.4,0.4142,37.54,19.865
1372.6,8239.9,0.5738,0.3141,2263.7,0.3777,28.32,21.593
1570.1,4379.8,0.7313,0.2572,6120.6,0.4375,31.89,22.408
9324.7,5721.2,0.764,0.3681,9168.6,0.5142,47.71,24.385
120.4,10619.5,0.4077,0.1044,1384.8,0.3457,46.43,20.265
9847.9,11138.4,0.5935,0.0506,8372.3,0.267,48.92,21.245
11406.4,9881.3,0.3332,0.0496,9925.7,0.3423,54.05,24.138
6836.5,7075.7,0.7676,0.6938,6340.7,0.6244,37.5,26.641
9054.1,7795.1,0.6737,0.3539,8023.7,0.4713,56.47,23.91
9209.1,9891.6,0.683,0.164,7733.1,0.4253,54.37,20.836
887.4,7544.5,0.6053,0.2772,3018.3,0.3735,28.6,21.5
9410.2,5936.9,0.7522,0.3596,9131.9,0.595,49.78,23.254
1229.9,9554.5,0.4637,0.2421,983.4,0.3809,33.59,20.054
2518.4,8263.0,0.6058,0.4494,2457.9,0.5041,29.16,23.04
2150.7,1752.4,0.4624,0.1549,8771.7,0.3531,36.85,21.548
2297.8,1170.6,0.3899,0.1335,9363.5,0.3616,36.88,22.468
3902.4,11625.0,0.4872,0.3028,2652.8,0.3946,56.86,21.368
9911.1,7233.3,0.6349,0.2715,9023.1,0.5066,54.81,22.293
3918.7,11214.5,0.498,0.3439,2522.0,0.421,50.81,20.827
10752.6,11484.0,0.4322,0.0195,9304.8,0.2718,48.38,21.475
4906.5,10952.3,0.6445,0.3702,3436.4,0.5191,57.81,21.947
6862.2,2503.5,0.4332,0.3033,9627.9,0.3478,22.06,22.272
7999.5,3438.9,0.617,0.3387,9597.0,0.424,26.83,22.5
9892.0,10794.9,0.5851,0.0659,8397.1,0.3538,59.41,21.094
600.0,6699.9,0.6221,0.2477,3905.2,0.3782,23.2,21.375
1169.3,9767.6,0.4491,0.2259,803.6,0.3121,30.78,18.834
251.4,4538.0,0.5575,0.1445,6091.3,0.3208,26.86,21.618
5718.8,3642.8,0.6316,0.5481,8051.1,0.5253,30.44,26.125
4901.5,9873.4,0.6487,0.4913,3458.7,0.5253,42.2,23.031
9506.5,11743.6,0.6425,0.0336,8102.5,0.2494,51.22,21.861
7488.8,6121.4,0.7562,0.6462,7418.7,0.7033,39.71,27.282
6685.5,10499.5,0.8551,0.3152,5185.5,0.4568,50.59,22.9
5677.1,8574.9,0.7382,0.6254,4599.4,0.5823,37.67,25.355
8753.0,6943.1,0.7166,0.4449,8078.2,0.5713,48.28,24.129
3682.7,6201.3,0.876,0.6305,4821.1,0.5383,32.32,25.626
11704.4,203.5,0.3796,0.0,14496.5,0.2885,24.91,22.823
4280.4,8359.4,0.6677,0.6204,3509.0,0.6078,29.16,25.361
1754.2,5393.5,0.7901,0.3384,5112.9,0.4521,31.77,23.424
3846.8,11234.5,0.4885,0.3401,2459.1,0.5032,47.54,21.685
8844.7,1888.4,0.4825,0.0617,11318.3,0.2279,22.1,20.648
2115.6,10774.4,0.3849,0.263,674.0,0.4236,42.33,21.365
7028.8,7096.0,0.7635,0.6733,6492.7,0.6406,40.39,27.655
1045.3,1879.3,0.428,0.0952,8632.7,0.3773,39.17,21.917
9048.8,8449.5,0.6693,0.3041,7822.4,0.5236,56.71,22.266
4078.4,2348.0,0.5176,0.3297,8550.0,0.4508,31.72,22.634
7743.2,6884.1,0.7478,0.5963,7214.8,0.6833,43.31,26.05
5638.3,9227.6,0.7322,0.5496,4329.5,0.5881,37.66,23.765
4189.2,3094.3,0.6416,0.4241,7878.8,0.4664,31.62,24.407
6351.0,8512.3,0.7693,0.5982,5242.4,0.6256,43.75,25.345
10467.2,3020.9,0.7423,0.0814,11676.8,0.3384,30.61,21.591
2035.7,6658.3,0.763,0.4179,3878.8,0.4652,27.03,22.828
4617.4,2757.2,0.5558,0.405,8346.8,0.4629,27.38,23.464
11502.1,10396.0,0.3181,0.0333,10002.6,0.3456,49.79,23.51
6550.9,5745.1,0.7743,0.7341,6936.9,0.7109,31.24,28.124
9809.5,8626.8,0.5793,0.2086,8518.0,0.516,54.82,23.781
4473.2,938.8,0.2842,0.1893,10012.8,0.295,32.99,25.75
10733.7,131.6,0.3644,0.0,13883.9,0.2585,21.5,22.568
2636.2,4365.5,0.8271,0.3829,6238.8,0.4697,23.83,23.714
1570.4,1255.3,0.3874,0.101,9245.0,0.2541,39.06,21.768
3010.8,135.0,0.269,0.1054,10474.5,0.2927,41.18,24.661
1364.2,5137.7,0.7386,0.2787,5364.0,0.368,23.43,21.649
1109.0,3820.8,0.6307,0.1802,6690.6,0.2667,28.46,21.82
7137.3,9306.4,0.8163,0.4269,5762.3,0.5449,55.16,23.13
8304.2,2032.1,0.4534,0.1126,10862.9,0.3276,20.44,21.287
7202.3,6315.8,0.7618,0.6812,7072.7,0.6569,42.74,27.86
5701.1,5162.9,0.7955,0.7295,6792.2,0.6245,30.95,28.085
9494.3,452.7,0.3457,0.0,12839.6,0.2333,23.87,23.309
6725.1,7365.6,0.768,0.6844,6093.1,0.6014,43.91,27.525
3780.8,2531.5,0.5647,0.3316,8288.5,0.3562,32.32,22.306
9895.9,4085.0,0.7976,0.2048,10566.1,0.4681,40.43,22.419
8587.7,416.9,0.2782,0.0,12325.0,0.1464,15.19,23.699
89.1,270.6,0.2584,0.0296,10326.3,0.3167,41.18,25.84
2331.5,10068.2,0.4287,0.3277,936.9,0.479,40.1,19.969
4039.8,8473.5,0.6437,0.5948,3249.2,0.5499,35.99,23.654
914.3,1286.0,0.3635,0.0726,9232.6,0.2594,38.22,22.995
838.7,5317.5,0.669,0.2314,5224.6,0.2533,26.17,20.994
10723.1,11608.2,0.4358,0.0168,9289.4,0.2825,53.55,21.576
2787.5,1803.1,0.4734,0.1993,8791.6,0.3801,31.14,22.373
7422.6,1124.6,0.2728,0.0756,11089.4,0.2978,26.87,25.468
3915.7,2801.7,0.6054,0.3705,8068.4,0.4019,30.75,23.593
2552.2,3743.0,0.757,0.3235,6838.4,0.4296,32.19,22.372
5291.9,7933.7,0.7437,0.6944,4578.7,0.6558,35.37,26.427
240.6,11653.3,0.3462,0.0782,1707.7,0.3443,34.31,22.781
9624.4,6831.5,0.6838,0.3219,8914.2,0.4781,55.64,22.395
1162.8,3276.1,0.5861,0.1573,7231.8,0.2833,31.88,20.827
2884.9,7449.9,0.7232,0.5241,3349.8,0.4716,23.93,23.791
9920.5,8684.9,0.5638,0.1943,8613.9,0.4125,56.96,21.925
5578.1,1624.9,0.3179,0.2508,9767.2,0.3045,27.16,24.685
767.5,5246.1,0.6575,0.2211,5304.7,0.397,29.75,21.934
664.3,1425.1,0.362,0.0658,9113.3,0.3166,35.05,22.851
4333.5,5175.9,0.8796,0.6567,6031.2,0.6116,26.42,26.829
2193.3,5323.7,0.836,0.3907,5222.6,0.4919,25.07,23.427
7539.9,7235.5,0.7515,0.6038,6865.6,0.6082,43.39,26.835
8328.8,1672.4,0.4061,0.0702,11160.6,0.3181,19.43,22.001
70.0,10146.6,0.4344,0.1173,1473.0,0.288,33.39,20.066
10694.9,9076.8,0.4472,0.1129,9304.4,0.4982,58.01,21.959
8308.7,9789.9,0.7916,0.2499,6845.7,0.4952,58.48,22.568
11405.3,11914.6,0.331,0.0055,10005.8,0.3027,46.28,23.828
6478.7,9015.7,0.7861,0.5255,5195.3,0.5893,46.47,23.867
7686.4,8379.6,0.7645,0.4799,6539.7,0.5642,49.41,24.115
6383.8,2219.5,0.3865,0.2946,9613.4,0.3405,22.52,24.035
3373.1,4329.1,0.8446,0.4733,6448.9,0.4419,31.28,22.935
7057.3,2575.8,0.4492,0.2981,9678.7,0.4762,24.01,22.659
1658.3,6786.8,0.7213,0.3708,3716.5,0.5662,29.49,21.326
3570.0,7901.4,0.6885,0.5879,3322.3,0.6694,31.99,24.509
3159.3,1042.9,0.36,0.1661,9601.6,0.397,32.45,23.929
9705.9,8445.4,0.5952,0.231,8459.2,0.4218,55.26,21.453
11974.7,4783.8,0.7212,0.0767,11932.9,0.3803,48.86,21.177
2587.6,1349.7,0.4116,0.1584,9214.7,0.2815,33.37,22.611
8416.4,477.3,0.2719,0.0,12177.5,0.2251,24.59,25.351
11944.3,2163.3,0.6212,0.0078,13363.5,0.278,23.22,21.458
11360.9,1931.1,0.6131,0.0039,13063.8,0.1934,24.59,21.356
10214.4,7244.1,0.61,0.2347,9302.7,0.4474,61.64,21.939
6803.5,2340.7,0.4078,0.2824,9731.5,0.3157,24.37,23.536
3136.6,1174.6,0.3776,0.1744,9467.9,0.2898,35.46,23.2
4433.1,9557.8,0.601,0.5199,3080.7,0.6004,45.26,23.532
3070.5,5697.5,0.8885,0.5307,5052.7,0.5348,31.2,24.148
11026.7,10401.9,0.3873,0.0453,9527.2,0.3167,50.15,23.509
4401.2,9529.4,0.5988,0.5217,3059.2,0.5597,49.2,23.483
588.9,10702.2,0.3981,0.1342,933.3,0.3695,34.17,20.669
5085.8,10701.5,0.6725,0.3934,3591.5,0.4614,53.71,21.348
5152.9,3816.7,0.6943,0.5685,7616.4,0.5133,28.94,25.333
10770.4,9659.8,0.4277,0.0829,9308.4,0.3395,50.44,21.295
1765.5,7360.3,0.6777,0.3828,3150.9,0.402,25.56,21.669
6018.3,5527.4,0.7927,0.75,6718.7,0.6673,27.84,28.519
5421.9,11473.9,0.7174,0.2903,4041.0,0.4124,60.85,21.858
3068.3,1068.7,0.3661,0.1641,9560.8,0.3003,36.79,23.396
7184.2,10332.0,0.8669,0.2915,5686.7,0.4476,55.34,22.5
7284.7,10823.4,0.8809,0.2256,5793.7,0.3964,55.95,22.432
3209.3,9152.2,0.532,0.4744,2176.7,0.5436,31.1,22.687
5038.1,244.4,0.1903,0.1212,10848.8,0.2857,31.96,26.953
4834.6,2324.6,0.4665,0.3533,8829.3,0.3902,33.74,23.316
11617.0,1028.4,0.4851,0.0,13858.8,0.1344,25.06,21.331
5624.7,11381.3,0.7485,0.2894,4217.8,0.4721,56.27,22.169
1920.8,739.9,0.3407,0.0974,9769.1,0.3622,42.54,24.128
10724.3,6790.5,0.616,0.1895,9942.3,0.4076,53.47,21.599
5925.1,4811.4,0.758,0.6955,7207.1,0.6951,32.67,28.131
9468.4,10814.9,0.6602,0.082,7974.7,0.3541,57.92,21.418
7164.4,9307.6,0.8164,0.424,5788.6,0.5051,47.57,23.623
2159.2,638.7,0.3314,0.1027,9883.3,0.3094,39.05,24.157
699.3,746.3,0.3103,0.0529,9786.5,0.2322,43.62,23.619
10495.1,11715.8,0.4723,0.017,9076.9,0.3532,53.83,21.597
4551.3,9462.1,0.6171,0.5324,3223.0,0.5099,40.54,22.914
4074.5,9828.2,0.5523,0.4814,2660.7,0.5127,43.91,23.132
2639.2,11725.0,0.3657,0.238,1672.8,0.3906,48.35,22.385
2352.6,10297.8,0.4149,0.3154,876.2,0.4608,38.08,20.081
663.1,11010.2,0.3792,0.1274,980.1,0.335,34.02,21.669
8539.3,1962.3,0.4648,0.088,11065.5,0.3458,13.65,22.414
7656.5,11633.7,0.8641,0.1202,6260.0,0.3605,64.96,21.022
2151.0,7174.2,0.7208,0.4337,3388.9,0.4437,25.89,22.352
4932.5,9998.2,0.6517,0.4771,3469.0,0.5143,46.64,23.055
4739.5,11301.3,0.6151,0.3355,3337.1,0.5709,54.43,22.89
9434.1,4241.7,0.782,0.2675,10105.3,0.398,27.75,23.066
8630.0,10634.0,0.7864,0.1416,7131.2,0.3522,61.22,21.382
768.2,6361.3,0.6516,0.2601,4202.9,0.3423,27.74,21.658
915.7,5380.2,0.6807,0.2421,5153.1,0.3616,24.98,20.452
11159.6,9474.8,0.3727,0.072,9713.8,0.3319,57.48,23.829
6142.5,4051.2,0.6669,0.5958,7946.1,0.5676,30.09,26.079
8182.5,3234.3,0.6057,0.2888,9871.4,0.4144,29.88,22.521
7327.2,10842.0,0.8811,0.22,5837.2,0.4306,59.07,21.055
10285.7,9703.6,0.5051,0.1062,8821.7,0.3886,60.22,21.826
11773.2,5007.0,0.7255,0.0924,11649.6,0.3615,53.62,20.519
11487.6,9395.0,0.3311,0.0607,10048.5,0.3436,51.35,24.144
9226.4,11056.9,0.7018,0.0778,7746.5,0.2836,59.82,20.355
3356.1,1406.8,0.4017,0.202,9280.7,0.3862,39.0,23.557
8843.5,2467.3,0.5635,0.1255,10883.5,0.3279,21.52,21.405
10640.6,2355.8,0.6683,0.0323,12242.5,0.3357,22.21,20.608
3056.9,10711.1,0.4261,0.3464,1571.1,0.5146,47.5,21.154
211.1,7043.7,0.5724,0.2106,3688.8,0.4182,31.4,21.781
7806.8,1036.1,0.2866,0.0422,11372.8,0.2346,16.81,24.055
5921.5,2495.7,0.4383,0.3633,9144.3,0.4617,29.28,23.632
9970.5,312.4,0.3569,0.0,13249.0,0.2123,18.85,22.956
8524.4,10177.2,0.7858,0.1913,7031.8,0.3678,61.83,22.507
8903.6,9895.8,0.7271,0.1873,7428.2,0.3738,50.26,21.072
11193.6,2116.9,0.6402,0.0119,12815.7,0.3017,30.45,21.614
8750.1,4751.6,0.7619,0.3999,9252.4,0.5182,38.11,24.364
2586.5,2918.3,0.6431,0.2635,7659.1,0.3742,32.58,22.494
5200.4,5022.3,0.8204,0.7073,6610.4,0.695,35.26,27.745
10701.8,3263.6,0.7683,0.086,11706.3,0.2813,28.38,20.564
11549.8,10771.5,0.3123,0.0238,10053.5,0.2432,50.47,23.963
231.1,7744.3,0.5515,0.2067,3033.8,0.345,32.26,21.968
4875.6,3259.2,0.6252,0.4826,7989.0,0.5003,29.07,23.718
6403.3,1881.7,0.3372,0.2431,9915.5,0.3813,31.52,24.407
5038.1,1514.8,0.3276,0.2497,9656.7,0.2886,31.37,24.423
10105.7,5728.8,0.7563,0.2619,9839.8,0.4908,56.72,23.157
2117.7,11060.4,0.3714,0.2452,834.0,0.3443,47.83,20.668
435.0,8626.8,0.5193,0.2029,2154.8,0.3998,33.8,20.771
2551.7,11270.0,0.3767,0.2661,1303.4,0.3865,41.89,21.482
2655.1,3674.4,0.753,0.3298,6922.7,0.3846,27.89,22.835
4836.9,4286.7,0.7793,0.6132,7052.7,0.529,29.19,25.974
1891.3,7445.9,0.6763,0.3972,3079.1,0.4323,25.51,22.67
1412.7,7167.4,0.6708,0.3413,3333.8,0.4014,21.28,22.128
8119.4,2676.8,0.5274,0.2141,10247.9,0.3717,21.98,21.862
5943.2,4646.4,0.7427,0.6775,7349.0,0.5992,32.75,28.715
11954.6,4287.6,0.7427,0.0671,12161.1,0.2646,50.31,21.777
5426.1,7453.6,0.7723,0.7329,4969.4,0.6452,36.18,27.825
1892.5,6923.6,0.7285,0.4012,3597.9,0.4348,28.03,22.046
9726.8,3499.3,0.7539,0.1695,10802.3,0.3023,35.19,22.079
9491.3,5307.1,0.7831,0.3307,9530.3,0.4338,45.09,22.539
10558.0,1687.6,0.5723,0.0,12637.5,0.2316,22.94,20.611
11084.6,10652.7,0.3791,0.0361,9585.9,0.2893,51.93,21.884
6781.1,1504.9,0.2917,0.1652,10430.8,0.3292,24.12,23.593
3242.9,4761.5,0.8783,0.4934,5997.4,0.5098,24.35,23.949
2495.6,9395.6,0.4836,0.3859,1486.9,0.3611,34.31,20.441
2617.4,8852.4,0.5401,0.431,1990.8,0.4608,37.53,21.469
1645.1,6136.3,0.7609,0.3563,4366.1,0.4448,26.04,22.182
11178.6,9809.8,0.3656,0.0598,9703.1,0.3964,51.21,22.688
8957.4,102.6,0.2737,0.0,12795.2,0.2059,21.1,24.84
2974.4,2267.7,0.5436,0.2471,8363.3,0.3759,38.28,22.147
1875.7,7382.2,0.6821,0.3962,3140.3,0.5566,32.99,22.597
1096.9,8461.4,0.5472,0.2757,2078.1,0.3677,30.1,20.384
3792.1,2138.7,0.497,0.2914,8669.8,0.3752,33.73,21.93
3750.7,11903.8,0.461,0.2723,2652.6,0.346,58.07,20.085
4710.8,3725.7,0.7118,0.537,7496.7,0.5526,24.82,24.312
8252.7,11422.0,0.8292,0.101,6815.3,0.3054,60.37,20.57
11530.3,2594.5,0.6898,0.0258,12771.2,0.2891,32.64,21.299
5462.8,5197.7,0.8127,0.7297,6619.6,0.598,26.38,28.902
