respondent,item_i,item_j,judgment
1,water,sanitation,9.0
1,water,roads,0.1429
1,water,electricity,0.3333
1,water,tenure,3.0
1,sanitation,roads,7.0
1,sanitation,electricity,0.3333
1,sanitation,tenure,4.0
1,roads,electricity,3.0
1,roads,tenure,5.0
1,electricity,tenure,4.0
2,water,sanitation,0.1667
2,water,roads,0.1667
2,water,electricity,0.5
2,water,tenure,8.0
2,sanitation,roads,0.125
2,sanitation,electricity,3.0
2,sanitation,tenure,4.0
2,roads,electricity,8.0
2,roads,tenure,0.125
2,electricity,tenure,0.125
3,water,sanitation,2.0
3,water,roads,7.0
3,water,electricity,5.0
3,water,tenure,5.0
3,sanitation,roads,0.3333
3,sanitation,electricity,0.3333
3,sanitation,tenure,0.1111
3,roads,electricity,6.0
3,roads,tenure,4.0
3,electricity,tenure,0.125
4,water,sanitation,0.3333
4,water,roads,9.0
4,water,electricity,1.0
4,water,tenure,0.1667
4,sanitation,roads,3.0
4,sanitation,electricity,2.0
4,sanitation,tenure,1.0
4,roads,electricity,0.25
4,roads,tenure,0.3333
4,electricity,tenure,2.0
5,water,sanitation,0.2
5,water,roads,0.25
5,water,electricity,3.0
5,water,tenure,4.0
5,sanitation,roads,9.0
5,sanitation,electricity,0.1667
5,sanitation,tenure,0.125
5,roads,electricity,4.0
5,roads,tenure,4.0
5,electricity,tenure,0.25
6,water,sanitation,1.0
6,water,roads,3.0
6,water,electricity,5.0
6,water,tenure,0.5
6,sanitation,roads,2.0
6,sanitation,electricity,3.0
6,sanitation,tenure,0.3333
6,roads,electricity,1.0
6,roads,tenure,0.2
6,electricity,tenure,0.2
7,water,sanitation,2.0
7,water,roads,3.0
7,water,electricity,4.0
7,water,tenure,0.5
7,sanitation,roads,2.0
7,sanitation,electricity,2.0
7,sanitation,tenure,0.3333
7,roads,electricity,2.0
7,roads,tenure,0.25
7,electricity,tenure,0.1429
8,water,sanitation,2.0
8,water,roads,2.0
8,water,electricity,4.0
8,water,tenure,0.5
8,sanitation,roads,2.0
8,sanitation,electricity,3.0
8,sanitation,tenure,0.3333
8,roads,electricity,1.0
8,roads,tenure,0.25
8,electricity,tenure,0.1111
9,water,sanitation,2.0
9,water,roads,2.0
9,water,electricity,5.0
9,water,tenure,0.5
9,sanitation,roads,2.0
9,sanitation,electricity,2.0
9,sanitation,tenure,0.5
9,roads,electricity,2.0
9,roads,tenure,0.25
9,electricity,tenure,0.1429
10,water,sanitation,2.0
10,water,roads,3.0
10,water,electricity,4.0
10,water,tenure,1.0
10,sanitation,roads,1.0
10,sanitation,electricity,3.0
10,sanitation,tenure,0.3333
10,roads,electricity,2.0
10,roads,tenure,0.2
10,electricity,tenure,0.125
11,water,sanitation,1.0
11,water,roads,2.0
11,water,electricity,3.0
11,water,tenure,0.5
11,sanitation,roads,2.0
11,sanitation,electricity,2.0
11,sanitation,tenure,0.3333
11,roads,electricity,1.0
11,roads,tenure,0.25
11,electricity,tenure,0.125
12,water,sanitation,2.0
12,water,roads,2.0
12,water,electricity,5.0
12,water,tenure,0.5
12,sanitation,roads,2.0
12,sanitation,electricity,3.0
12,sanitation,tenure,0.3333
12,roads,electricity,2.0
12,roads,tenure,0.2
12,electricity,tenure,0.1667
13,water,sanitation,2.0
13,water,roads,2.0
13,water,electricity,4.0
13,water,tenure,0.5
13,sanitation,roads,1.0
13,sanitation,electricity,3.0
13,sanitation,tenure,0.3333
13,roads,electricity,2.0
13,roads,tenure,0.25
13,electricity,tenure,0.1429
14,water,sanitation,1.0
14,water,roads,3.0
14,water,electricity,4.0
14,water,tenure,0.5
14,sanitation,roads,1.0
14,sanitation,electricity,2.0
14,sanitation,tenure,0.3333
14,roads,electricity,2.0
14,roads,tenure,0.1667
14,electricity,tenure,0.1429
15,water,sanitation,2.0
15,water,roads,2.0
15,water,electricity,4.0
15,water,tenure,0.5
15,sanitation,roads,2.0
15,sanitation,electricity,3.0
15,sanitation,tenure,0.3333
15,roads,electricity,2.0
15,roads,tenure,0.25
15,electricity,tenure,0.125
16,water,sanitation,2.0
16,water,roads,2.0
16,water,electricity,4.0
16,water,tenure,0.5
16,sanitation,roads,2.0
16,sanitation,electricity,3.0
16,sanitation,tenure,0.3333
16,roads,electricity,2.0
16,roads,tenure,0.2
16,electricity,tenure,0.1429
17,water,sanitation,1.0
17,water,roads,2.0
17,water,electricity,5.0
17,water,tenure,0.5
17,sanitation,roads,1.0
17,sanitation,electricity,3.0
17,sanitation,tenure,0.3333
17,roads,electricity,1.0
17,roads,tenure,0.25
17,electricity,tenure,0.125
18,water,sanitation,2.0
18,water,roads,3.0
18,water,electricity,4.0
18,water,tenure,0.5
18,sanitation,roads,2.0
18,sanitation,electricity,3.0
18,sanitation,tenure,0.3333
18,roads,electricity,1.0
18,roads,tenure,0.25
18,electricity,tenure,0.1429
19,water,sanitation,2.0
19,water,roads,2.0
19,water,electricity,5.0
19,water,tenure,0.5
19,sanitation,roads,1.0
19,sanitation,electricity,4.0
19,sanitation,tenure,0.3333
19,roads,electricity,2.0
19,roads,tenure,0.2
19,electricity,tenure,0.1667
20,water,sanitation,2.0
20,water,roads,3.0
20,water,electricity,6.0
20,water,tenure,0.5
20,sanitation,roads,1.0
20,sanitation,electricity,2.0
20,sanitation,tenure,0.3333
20,roads,electricity,2.0
20,roads,tenure,0.25
20,electricity,tenure,0.125
21,water,sanitation,2.0
21,water,roads,3.0
21,water,electricity,4.0
21,water,tenure,0.5
21,sanitation,roads,2.0
21,sanitation,electricity,3.0
21,sanitation,tenure,0.3333
21,roads,electricity,2.0
21,roads,tenure,0.3333
21,electricity,tenure,0.1667
22,water,sanitation,1.0
22,water,roads,2.0
22,water,electricity,4.0
22,water,tenure,0.5
22,sanitation,roads,1.0
22,sanitation,electricity,3.0
22,sanitation,tenure,0.3333
22,roads,electricity,2.0
22,roads,tenure,0.25
22,electricity,tenure,0.1667
23,water,sanitation,1.0
23,water,roads,3.0
23,water,electricity,5.0
23,water,tenure,0.5
23,sanitation,roads,1.0
23,sanitation,electricity,3.0
23,sanitation,tenure,0.5
23,roads,electricity,1.0
23,roads,tenure,0.2
23,electricity,tenure,0.125
24,water,sanitation,2.0
24,water,roads,2.0
24,water,electricity,4.0
24,water,tenure,1.0
24,sanitation,roads,1.0
24,sanitation,electricity,3.0
24,sanitation,tenure,0.5
24,roads,electricity,2.0
24,roads,tenure,0.1667
24,electricity,tenure,0.1429
25,water,sanitation,2.0
25,water,roads,3.0
25,water,electricity,4.0
25,water,tenure,0.5
25,sanitation,roads,2.0
25,sanitation,electricity,3.0
25,sanitation,tenure,0.3333
25,roads,electricity,2.0
25,roads,tenure,0.25
25,electricity,tenure,0.1667
